rung,method,features,recall@93%yield,PR_AUC,AUROC,escape_rate_%,yield_loss_%,cost,recall_at_own_op_%,recall@1%YL,recall@5%YL,cost_min,cost_min_YL_%,cost_min_recall_%
L0,Static datasheet limits,"5 params, observed checkpoints",,,,100.0,0.0,427000.0,0.0,,,,,
L1a,"DPAT static, MAD","5 params x 4 cp, union, k=6",47.07259953161593,0.1917920996376212,0.8146415176891832,52.92740046838407,7.003775505875366,227651.0,,23.4192037470726,41.451990632318505,22175.0,94.06948627667246,100.0
L1b,"DPAT dynamic, MAD","5 params x 4 cp, union, k=6",54.332552693208434,0.26434906070243813,0.839688432097572,45.667447306791566,7.003775505875366,196651.0,,28.337236533957842,49.414519906323186,22134.0,93.89555847791965,100.0
L1c,"DPAT dynamic, all 4 estimators",union of MAD/IQR/p1p99/classical,54.80093676814989,0.30404971806988423,0.8430523409716053,45.19906323185012,7.003775505875366,194651.0,,29.039812646370024,48.711943793911004,22407.0,95.0536630891274,100.0
L2,DPAT on trajectory features,level z + 63 trajectory z,80.32786885245902,0.7186636837879371,0.8972514599374449,19.672131147540984,7.003775505875366,85651.0,,74.94145199063233,79.15690866510539,23565.0,99.96606286853603,100.0
L3a,Mahalanobis + MCD,"5 raw params, per lot x checkpoint",65.33957845433255,0.38282461212783997,0.8621874289354381,34.66042154566745,7.003775505875366,149651.0,,36.53395784543326,61.35831381733021,22963.0,97.41229372587283,100.0
L3b,PCA T2 + Q-residual,83-feature design matrix,90.1639344262295,0.79131723087445,0.9455618010960224,9.836065573770492,7.003775505875366,43651.0,,86.18266978922716,90.1639344262295,23569.0,99.98303143426803,100.0
L3b-Q,PCA Q-residual alone,83-feature design matrix,81.73302107728337,0.6434427252147648,0.9111587295074516,18.26697892271663,7.003775505875366,79651.0,,73.77049180327869,79.15690866510539,23425.0,99.37216306791669,100.0
L3c,kNN distance,83-feature design matrix,87.58782201405153,0.8296321791182062,0.9407600347756251,12.412177985948478,7.003775505875366,54651.0,,83.37236533957847,87.35362997658079,23573.0,100.0,100.0
L4a,Isolation Forest,83-feature design matrix,67.68149882903981,0.19613081129116391,0.877040984152969,32.31850117096019,7.003775505875366,139651.0,,23.653395784543328,62.76346604215457,23573.0,100.0,100.0
L4b,Autoencoder,83-feature design matrix,90.63231850117096,0.882015656968586,0.9635507657661372,9.36768149882904,7.003775505875366,41651.0,,87.11943793911007,89.92974238875878,21880.0,67.36520595596657,98.59484777517564
L4b',LOF,83-feature design matrix,91.10070257611241,0.892561770154903,0.9576514074421865,8.899297423887587,7.003775505875366,39651.0,,88.2903981264637,90.1639344262295,23573.0,100.0,100.0
L4c,Union ensemble,"5 members, max percentile rank",93.6768149882904,0.7118107306130779,0.9815582090851172,6.323185011709602,7.003775505875366,28651.0,,82.43559718969556,91.80327868852459,10028.0,25.571628558096126,99.06323185011709
