method,n,n_defective,recall_%,yield_loss_%,escape_rate_%,precision_%,F2,PR_AUC,AUROC,cost_at_op,recall@93%yield,prevalence_%,recall@0.5%YL,recall@1%YL,recall@2%YL,recall@5%YL,cost_min,cost_min_yield_loss_%,cost_min_recall_%,val_cal_recall_%,val_cal_yield_loss_%
L0,24000,427,0.0,0.0,100.0,0.0,0.0,,,427000.0,,,,,,,,,,,
L1_static_MAD,24000,427,,7.003775505875366,52.92740046838407,10.853131749460044,0.28230337078651685,0.1917920996376212,0.8146415176891834,227651.0,47.07259953161593,1.7791666666666668,18.0327868852459,23.4192037470726,29.039812646370024,41.451990632318505,22175.0,94.06948627667246,100.0,44.96487119437939,6.2020107750392395
L1_dynamic_MAD,24000,427,,7.003775505875366,45.667447306791566,12.320764737121614,0.3230297967140072,0.26434906070243813,0.839688432097572,196651.0,54.332552693208434,1.7791666666666668,21.779859484777518,28.337236533957842,35.597189695550355,49.414519906323186,22134.0,93.89555847791965,100.0,54.332552693208434,6.995291223009375
L1_static_IQR,24000,427,,7.003775505875366,53.395784543325526,10.756756756756756,0.2796514896008994,0.19598381491291425,0.8132458829620002,229651.0,46.604215456674474,1.7791666666666668,18.501170960187356,23.653395784543328,29.274004683840747,42.38875878220141,22135.0,89.65765918635728,99.76580796252928,44.96487119437939,6.248674330802189
L1_dynamic_IQR,24000,427,,7.003775505875366,45.667447306791566,12.320764737121614,0.3230297967140072,0.26705982951111784,0.839357058262683,196651.0,54.332552693208434,1.7791666666666668,22.950819672131146,28.805620608899297,36.29976580796253,49.88290398126464,22159.0,94.00161201374453,100.0,54.09836065573771,6.9825647987103885
L1_static_p1p99,24000,427,,7.003775505875366,59.01639344262295,9.583789704271632,0.2475947934352009,0.2370418335404848,0.7660620936249556,253651.0,40.98360655737705,1.7791666666666668,21.311475409836063,23.185011709601874,28.337236533957842,37.00234192037471,23493.0,99.66062868536038,100.0,36.0655737704918,4.704534849191872
L1_dynamic_p1p99,24000,427,,7.003775505875366,50.11709601873536,11.427038626609443,0.2981522956326988,0.31777483806369017,0.823792969192019,215651.0,49.88290398126464,1.7791666666666668,26.93208430913349,31.381733021077284,36.0655737704918,46.604215456674474,22093.0,93.72163067916685,100.0,49.64871194379391,6.638951342637764
L1_static_classical,24000,427,,7.003775505875366,55.97189695550351,10.22294725394236,0.26501268677755846,0.23207754968670655,0.7924076298539859,240651.0,44.02810304449648,1.7791666666666668,22.716627634660423,25.76112412177986,30.913348946135834,40.98360655737705,23286.0,94.54036397573495,99.76580796252928,42.857142857142854,6.384422856658041
L1_dynamic_classical,24000,427,,7.003775505875366,47.7751756440281,11.899679829242263,0.3112786152987158,0.2856218432944796,0.8251601905128828,205651.0,52.2248243559719,1.7791666666666668,24.824355971896956,30.44496487119438,37.23653395784544,47.7751756440281,22506.0,95.47363509099394,100.0,50.81967213114754,6.70682560556569
L2_drift,24000,427,,7.003775505875366,36.29976580796253,14.144565782631306,0.37455246488570637,0.6002952868586292,0.8137452038716544,156651.0,63.70023419203748,1.7791666666666668,61.59250585480094,62.76346604215457,62.997658079625296,63.46604215456675,23562.0,99.95333644423705,100.0,63.70023419203748,6.380180715225045
L2_level,24000,427,,7.003775505875366,45.667447306791566,12.320764737121614,0.3230297967140072,0.26434906070243813,0.839688432097572,196651.0,54.332552693208434,1.7791666666666668,21.779859484777518,28.337236533957842,35.597189695550355,49.414519906323186,22134.0,93.89555847791965,100.0,54.332552693208434,6.995291223009375
L2_both,24000,427,,7.003775505875366,19.672131147540984,17.201604814443332,0.46326310102647217,0.7186636837879371,0.8972514599374449,85651.0,80.32786885245902,1.7791666666666668,69.08665105386417,74.94145199063233,77.98594847775175,79.15690866510539,23565.0,99.96606286853603,100.0,79.62529274004683,6.37593857379205
L3a_MCD,24000,427,,7.003775505875366,34.66042154566745,14.455958549222798,0.38345244639912035,0.38282461212783997,0.8621874289354381,149651.0,65.33957845433255,1.7791666666666668,29.7423887587822,36.53395784543326,46.13583138173302,61.35831381733021,22963.0,97.41229372587283,100.0,63.934426229508205,6.520171382513892
L3a_MCD_log,24000,427,,7.003775505875366,35.59718969555035,14.278296988577363,0.37837094111172265,0.4851662459159198,0.8680857937836434,153651.0,64.40281030444966,1.7791666666666668,39.578454332552695,46.604215456674474,52.92740046838408,61.59250585480094,22727.0,96.41114834768591,100.0,64.40281030444966,6.918932677215459
L3a_plaincov,24000,427,,7.003775505875366,42.622950819672134,12.921940928270043,0.3399001109877913,0.3691523805824836,0.8411837621158093,183651.0,57.377049180327866,1.7791666666666668,30.210772833723652,36.29976580796253,45.433255269320846,53.62997658079626,23009.0,93.36529079879523,99.76580796252928,56.90866510538641,6.783184151359606
L3b_T2,24000,427,,7.003775505875366,9.836065573770492,18.909626719056973,0.5141559829059829,0.79131723087445,0.9455618010960224,43651.0,90.1639344262295,1.7791666666666668,81.73302107728337,86.18266978922716,86.88524590163934,90.1639344262295,23569.0,99.98303143426803,100.0,90.1639344262295,6.834089848555551
L3b_Q,24000,427,,7.003775505875366,18.26697892271663,17.45,0.47060409924487595,0.6434427252147648,0.9111587295074516,79651.0,81.73302107728337,1.7791666666666668,68.85245901639344,73.77049180327869,76.81498829039812,79.15690866510539,23425.0,99.37216306791669,100.0,80.79625292740047,6.515929241080897
L3c_kNN,24000,427,,7.003775505875366,12.412177985948478,18.469135802469136,0.5009375837128315,0.8296321791182062,0.9407600347756251,54651.0,87.58782201405153,1.7791666666666668,80.32786885245902,83.37236533957847,85.71428571428571,87.35362997658079,23573.0,100.0,100.0,87.35362997658079,6.554108513977856
L4a_IForest,24000,427,,7.003775505875366,32.31850117096019,14.896907216494846,0.3961074561403509,0.19613081129116391,0.877040984152969,139651.0,67.68149882903981,1.7791666666666668,10.070257611241217,23.653395784543328,40.5152224824356,62.76346604215457,23573.0,100.0,100.0,66.27634660421545,6.358970008060069
L4b_LOF,24000,427,,7.003775505875366,8.899297423887587,19.06862745098039,0.5189434364994664,0.892561770154903,0.9576514074421865,39651.0,91.10070257611241,1.7791666666666668,87.35362997658079,88.2903981264637,88.99297423887587,90.1639344262295,23573.0,100.0,100.0,91.10070257611241,7.343146820514996
L4c_OCSVM,24000,427,,7.003775505875366,11.475409836065573,18.62986692952193,0.5057532780305057,0.8081221100513353,0.9384412623857863,50651.0,88.52459016393442,1.7791666666666668,79.62529274004683,83.13817330210773,85.24590163934425,87.58782201405153,23562.0,99.95333644423705,100.0,88.2903981264637,6.698341322699698
L4d_AutoEnc,24000,427,,7.003775505875366,9.36768149882904,18.9892051030422,0.5165509877202349,0.882015656968586,0.9635507657661372,41651.0,90.63231850117096,1.7791666666666668,86.41686182669788,87.11943793911007,88.2903981264637,89.92974238875878,21880.0,67.36520595596657,98.59484777517564,90.63231850117096,6.927416960081449
L4e_UnionRank,24000,427,,7.003775505875366,6.323185011709602,19.502681618722576,0.5320563979781857,0.7118107306130779,0.9815582090851172,28651.0,93.6768149882904,1.7791666666666668,65.33957845433255,82.43559718969556,89.22716627634661,91.80327868852459,10028.0,25.571628558096126,99.06323185011709,93.44262295081968,6.643193484070759
L4a_IForest_dirtyfit,24000,427,,7.003775505875366,25.05854800936768,16.235413495687467,0.43490078825767875,0.2874975088225299,0.8897902583941001,108651.0,74.94145199063233,1.7791666666666668,21.779859484777518,38.17330210772833,52.2248243559719,68.85245901639344,23572.0,99.995757858567,100.0,72.8337236533958,6.439570695286981
L3b_Q_dirtyfit,24000,427,,7.003775505875366,20.60889929742389,17.035175879396984,0.45835586803677664,0.61209276601397,0.8775898795023204,89651.0,79.39110070257611,1.7791666666666668,64.87119437939111,71.66276346604215,75.17564402810304,78.22014051522248,23500.0,99.69032367539134,100.0,79.15690866510539,6.498960675348917
L4d_AutoEnc_WITH_censor_leak,24000,427,,7.003775505875366,6.323185011709602,19.502681618722576,0.5320563979781857,0.7966499582047208,0.9784449541416564,28651.0,93.6768149882904,1.7791666666666668,64.63700234192038,68.85245901639344,90.86651053864169,92.7400468384075,12994.0,29.66953718236966,98.59484777517564,93.44262295081968,6.8256055656895604
