,mean_abs_SHAP,abs_huber_coef_x_sd,rank_shap,rank_huber
iddq_ua__v24,2.4744395308971123,0.5132493829730824,1.0,5.0
iddq_ua__v0,0.294501839133281,14.418763234468287,2.0,1.0
z__iddq_ua__d1,0.13430438266988484,1.1297543847081517,3.0,4.0
iddq_ua__d1,0.11421794294538526,0.43454264844348567,4.0,6.0
iddq_ua__lotmed_t24,0.09069698765889661,2.3468062070449958,5.0,2.0
iddq_ua__lotmed_t0,0.06848783646349782,2.292365491678095,6.0,3.0
z__iddq_ua__v0,0.0312897346749625,0.0038467429964078688,7.0,8.0
iddq_ua__r1,0.028176025759436743,0.00019805431368315104,8.0,9.0
iddq_ua__s1,0.0,0.018105943685145304,9.0,7.0
