table,row,metric,v1.0,v1.1,delta
ablation (per-method),L0 Static datasheet limits,escape_rate_%,100.0,100.0,0.0
ablation (per-method),L0 Static datasheet limits,cost,427000.0,427000.0,0.0
ablation (per-method),"L1a DPAT static, MAD",recall@93%yield,47.07259953161593,47.306791569086656,0.23419203747072714
ablation (per-method),"L1a DPAT static, MAD",PR_AUC,0.1917920996376212,0.1917689783784312,-2.3121259189989862e-05
ablation (per-method),"L1a DPAT static, MAD",AUROC,0.8146415176891832,0.8148156739873575,0.00017415629817429945
ablation (per-method),"L1a DPAT static, MAD",escape_rate_%,52.92740046838407,52.69320843091335,-0.23419203747072004
ablation (per-method),"L1a DPAT static, MAD",cost,227651.0,226651.0,-1000.0
ablation (per-method),"L1b DPAT dynamic, MAD",recall@93%yield,54.332552693208434,54.332552693208434,0.0
ablation (per-method),"L1b DPAT dynamic, MAD",PR_AUC,0.2643490607024381,0.2644304567023866,8.1395999948497e-05
ablation (per-method),"L1b DPAT dynamic, MAD",AUROC,0.839688432097572,0.840716977536818,0.0010285454392459092
ablation (per-method),"L1b DPAT dynamic, MAD",escape_rate_%,45.667447306791566,45.667447306791566,0.0
ablation (per-method),"L1b DPAT dynamic, MAD",cost,196651.0,196651.0,0.0
ablation (per-method),"L1c DPAT dynamic, all 4 estimators",recall@93%yield,54.80093676814989,54.80093676814989,0.0
ablation (per-method),"L1c DPAT dynamic, all 4 estimators",PR_AUC,0.3040497180698842,0.3039976662816713,-5.2051788212881256e-05
ablation (per-method),"L1c DPAT dynamic, all 4 estimators",AUROC,0.8430523409716053,0.8448483464241976,0.0017960054525922864
ablation (per-method),"L1c DPAT dynamic, all 4 estimators",escape_rate_%,45.19906323185012,45.19906323185012,0.0
ablation (per-method),"L1c DPAT dynamic, all 4 estimators",cost,194651.0,194651.0,0.0
ablation (per-method),L2 DPAT on trajectory features,recall@93%yield,80.32786885245902,79.15690866510539,-1.1709601873536286
ablation (per-method),L2 DPAT on trajectory features,PR_AUC,0.7186636837879371,0.7083304654980543,-0.010333218289882762
ablation (per-method),L2 DPAT on trajectory features,AUROC,0.8972514599374449,0.8905090877697075,-0.0067423721677374315
ablation (per-method),L2 DPAT on trajectory features,escape_rate_%,19.672131147540984,20.843091334894613,1.1709601873536286
ablation (per-method),L2 DPAT on trajectory features,cost,85651.0,90651.0,5000.0
ablation (per-method),L3a Mahalanobis + MCD,recall@93%yield,65.33957845433255,64.87119437939111,-0.4683840749414401
ablation (per-method),L3a Mahalanobis + MCD,PR_AUC,0.3828246121278399,0.3812486386201562,-0.0015759735076837367
ablation (per-method),L3a Mahalanobis + MCD,AUROC,0.8621874289354381,0.8610931154018446,-0.0010943135335934606
ablation (per-method),L3a Mahalanobis + MCD,escape_rate_%,34.66042154566745,35.1288056206089,0.4683840749414543
ablation (per-method),L3a Mahalanobis + MCD,cost,149651.0,151651.0,2000.0
ablation (per-method),L3b PCA T2 + Q-residual,recall@93%yield,90.1639344262295,88.99297423887587,-1.1709601873536286
ablation (per-method),L3b PCA T2 + Q-residual,PR_AUC,0.79131723087445,0.7813791853865368,-0.009938045487913216
ablation (per-method),L3b PCA T2 + Q-residual,AUROC,0.9455618010960224,0.940825703522398,-0.004736097573624365
ablation (per-method),L3b PCA T2 + Q-residual,escape_rate_%,9.836065573770492,11.007025761124122,1.1709601873536304
ablation (per-method),L3b PCA T2 + Q-residual,cost,43651.0,48651.0,5000.0
ablation (per-method),L3b-Q PCA Q-residual alone,recall@93%yield,81.73302107728337,81.26463700234193,-0.4683840749414401
ablation (per-method),L3b-Q PCA Q-residual alone,PR_AUC,0.6434427252147648,0.6352062784457071,-0.00823644676905766
ablation (per-method),L3b-Q PCA Q-residual alone,AUROC,0.9111587295074516,0.9092548325889054,-0.0019038969185461996
ablation (per-method),L3b-Q PCA Q-residual alone,escape_rate_%,18.26697892271663,18.73536299765808,0.46838407494145073
ablation (per-method),L3b-Q PCA Q-residual alone,cost,79651.0,81651.0,2000.0
ablation (per-method),L3c kNN distance,recall@93%yield,87.58782201405153,86.41686182669788,-1.1709601873536428
ablation (per-method),L3c kNN distance,PR_AUC,0.8296321791182062,0.8184914608271721,-0.011140718291034135
ablation (per-method),L3c kNN distance,AUROC,0.9407600347756252,0.9372700538294962,-0.0034899809461289566
ablation (per-method),L3c kNN distance,escape_rate_%,12.412177985948478,13.583138173302109,1.1709601873536304
ablation (per-method),L3c kNN distance,cost,54651.0,59651.0,5000.0
ablation (per-method),L4a Isolation Forest,recall@93%yield,67.68149882903981,68.14988290398126,0.4683840749414543
ablation (per-method),L4a Isolation Forest,PR_AUC,0.1961308112911639,0.1987730052049865,0.002642193913822616
ablation (per-method),L4a Isolation Forest,AUROC,0.877040984152969,0.8778463949397909,0.0008054107868218363
ablation (per-method),L4a Isolation Forest,escape_rate_%,32.31850117096019,31.850117096018735,-0.4683840749414543
ablation (per-method),L4a Isolation Forest,cost,139651.0,137651.0,-2000.0
ablation (per-method),L4b Autoencoder,recall@93%yield,90.63231850117096,89.46135831381733,-1.1709601873536286
ablation (per-method),L4b Autoencoder,PR_AUC,0.882015656968586,0.8555155951023663,-0.02650006186621967
ablation (per-method),L4b Autoencoder,AUROC,0.9635507657661372,0.964635839975298,0.001085074209160819
ablation (per-method),L4b Autoencoder,escape_rate_%,9.36768149882904,10.53864168618267,1.1709601873536304
ablation (per-method),L4b Autoencoder,cost,41651.0,46651.0,5000.0
ablation (per-method),L4b' LOF,recall@93%yield,91.1007025761124,90.1639344262295,-0.9367681498828944
ablation (per-method),L4b' LOF,PR_AUC,0.892561770154903,0.881859938240006,-0.010701831914897042
ablation (per-method),L4b' LOF,AUROC,0.9576514074421864,0.9574737739789032,-0.00017763346328314444
ablation (per-method),L4b' LOF,escape_rate_%,8.899297423887587,9.836065573770492,0.936768149882905
ablation (per-method),L4b' LOF,cost,39651.0,43651.0,4000.0
ablation (per-method),L4c Union ensemble,recall@93%yield,93.6768149882904,92.97423887587824,-0.7025761124121601
ablation (per-method),L4c Union ensemble,PR_AUC,0.7118107306130779,0.7090444249153438,-0.0027663056977340617
ablation (per-method),L4c Union ensemble,AUROC,0.9815582090851172,0.9797602663548212,-0.0017979427302959872
ablation (per-method),L4c Union ensemble,escape_rate_%,6.323185011709602,7.02576112412178,0.7025761124121779
ablation (per-method),L4c Union ensemble,cost,28651.0,31651.0,3000.0
per-type (all lots),L1a III_CENTRE_HIDER (all),flagged_%,1.6666666666666667,5.0,3.333333333333333
per-type (all lots),L1a III_CENTRE_HIDER moderate,flagged_%,0.0,4.545454545454546,4.545454545454546
per-type (all lots),L1a III_CENTRE_HIDER mild,flagged_%,4.761904761904762,9.523809523809524,4.761904761904762
per-type (all lots),L2 III_CENTRE_HIDER (all),flagged_%,53.333333333333336,0.0,-53.333333333333336
per-type (all lots),L2 III_CENTRE_HIDER severe,flagged_%,64.70588235294117,0.0,-64.70588235294117
per-type (all lots),L2 III_CENTRE_HIDER moderate,flagged_%,59.09090909090909,0.0,-59.09090909090909
per-type (all lots),L2 III_CENTRE_HIDER mild,flagged_%,38.095238095238095,0.0,-38.095238095238095
per-type (all lots),L2 Va_MILDLY_HIGH_STABLE (all),flagged_%,47.611111111111114,47.55555555555556,-0.055555555555557135
per-type (all lots),L3a III_CENTRE_HIDER (all),flagged_%,80.0,71.66666666666667,-8.333333333333329
per-type (all lots),L3a III_CENTRE_HIDER severe,flagged_%,100.0,88.23529411764706,-11.764705882352942
per-type (all lots),L3a III_CENTRE_HIDER moderate,flagged_%,86.36363636363636,63.63636363636363,-22.727272727272727
per-type (all lots),L3a III_CENTRE_HIDER mild,flagged_%,57.142857142857146,66.66666666666667,9.523809523809526
per-type (all lots),L3b III_CENTRE_HIDER (all),flagged_%,51.666666666666664,1.6666666666666667,-50.0
per-type (all lots),L3b III_CENTRE_HIDER severe,flagged_%,64.70588235294117,0.0,-64.70588235294117
per-type (all lots),L3b III_CENTRE_HIDER moderate,flagged_%,59.09090909090909,0.0,-59.09090909090909
per-type (all lots),L3b III_CENTRE_HIDER mild,flagged_%,33.333333333333336,4.761904761904762,-28.571428571428573
per-type (all lots),L3b VI_LOT_SHIFT (all),flagged_%,5.366666666666666,5.433333333333334,0.06666666666666732
per-type (all lots),L3b Va_MILDLY_HIGH_STABLE (all),flagged_%,52.27777777777778,52.166666666666664,-0.11111111111111427
per-type (all lots),L3b-Q III_CENTRE_HIDER (all),flagged_%,81.66666666666667,66.66666666666667,-15.0
per-type (all lots),L3b-Q III_CENTRE_HIDER severe,flagged_%,100.0,82.3529411764706,-17.647058823529406
per-type (all lots),L3b-Q III_CENTRE_HIDER moderate,flagged_%,86.36363636363636,72.72727272727273,-13.636363636363626
per-type (all lots),L3b-Q III_CENTRE_HIDER mild,flagged_%,61.904761904761905,47.61904761904762,-14.285714285714285
per-type (all lots),L3b-Q Va_MILDLY_HIGH_STABLE (all),flagged_%,36.5,36.55555555555556,0.055555555555557135
per-type (all lots),L3c III_CENTRE_HIDER (all),flagged_%,51.666666666666664,1.6666666666666667,-50.0
per-type (all lots),L3c III_CENTRE_HIDER severe,flagged_%,64.70588235294117,0.0,-64.70588235294117
per-type (all lots),L3c III_CENTRE_HIDER moderate,flagged_%,59.09090909090909,0.0,-59.09090909090909
per-type (all lots),L3c III_CENTRE_HIDER mild,flagged_%,33.333333333333336,4.761904761904762,-28.571428571428573
per-type (all lots),L3c Va_MILDLY_HIGH_STABLE (all),flagged_%,53.05555555555556,53.22222222222222,0.1666666666666643
per-type (all lots),L4a III_CENTRE_HIDER (all),flagged_%,11.666666666666666,0.0,-11.666666666666666
per-type (all lots),L4a III_CENTRE_HIDER severe,flagged_%,23.529411764705884,0.0,-23.529411764705884
per-type (all lots),L4a III_CENTRE_HIDER moderate,flagged_%,9.090909090909092,0.0,-9.090909090909092
per-type (all lots),L4a III_CENTRE_HIDER mild,flagged_%,4.761904761904762,0.0,-4.761904761904762
per-type (all lots),L4a II_STEP_DEFECT (all),flagged_%,75.66666666666667,75.33333333333333,-0.3333333333333428
per-type (all lots),L4a IV_CORRELATION_BREAK (all),flagged_%,25.238095238095237,26.666666666666668,1.4285714285714306
per-type (all lots),L4a IV_CORRELATION_BREAK severe,flagged_%,57.04697986577181,59.73154362416108,2.6845637583892668
per-type (all lots),L4a IV_CORRELATION_BREAK moderate,flagged_%,14.615384615384617,15.384615384615383,0.7692307692307665
per-type (all lots),L4a IV_CORRELATION_BREAK mild,flagged_%,1.4184397163120568,2.127659574468085,0.7092198581560283
per-type (all lots),L4a I_STEEP_DRIFTER (all),flagged_%,84.72222222222223,84.44444444444444,-0.2777777777777857
per-type (all lots),L4a VII_FIXTURE_ARTIFACT (all),flagged_%,85.625,84.84375,-0.78125
per-type (all lots),L4a VI_LOT_SHIFT (all),flagged_%,4.9,4.666666666666667,-0.2333333333333334
per-type (all lots),L4a Va_MILDLY_HIGH_STABLE (all),flagged_%,79.66666666666667,79.5,-0.1666666666666714
per-type (all lots),L4a Vb_EXTREME_LEVEL (all),flagged_%,79.0,80.0,1.0
per-type (all lots),L4b GOOD (all),flagged_%,6.645918548817357,6.564111684154366,-0.08180686466299125
per-type (all lots),L4b III_CENTRE_HIDER (all),flagged_%,50.0,13.333333333333334,-36.666666666666664
per-type (all lots),L4b III_CENTRE_HIDER severe,flagged_%,64.70588235294117,11.764705882352942,-52.94117647058823
per-type (all lots),L4b III_CENTRE_HIDER moderate,flagged_%,59.09090909090909,13.636363636363637,-45.45454545454545
per-type (all lots),L4b III_CENTRE_HIDER mild,flagged_%,28.571428571428573,14.285714285714286,-14.285714285714286
per-type (all lots),L4b IV_CORRELATION_BREAK (all),flagged_%,75.71428571428571,74.28571428571429,-1.4285714285714164
per-type (all lots),L4b IV_CORRELATION_BREAK moderate,flagged_%,93.07692307692308,91.53846153846152,-1.5384615384615614
per-type (all lots),L4b IV_CORRELATION_BREAK mild,flagged_%,34.04255319148936,31.20567375886525,-2.8368794326241122
per-type (all lots),L4b I_STEEP_DRIFTER (all),flagged_%,98.19444444444444,98.47222222222224,0.2777777777777999
per-type (all lots),L4b VII_FIXTURE_ARTIFACT (all),flagged_%,54.375,65.46875,11.09375
per-type (all lots),L4b VI_LOT_SHIFT (all),flagged_%,7.566666666666666,7.633333333333334,0.06666666666666732
per-type (all lots),L4b Va_MILDLY_HIGH_STABLE (all),flagged_%,11.333333333333334,12.38888888888889,1.0555555555555554
per-type (all lots),L4b' III_CENTRE_HIDER (all),flagged_%,51.666666666666664,3.3333333333333335,-48.33333333333333
per-type (all lots),L4b' III_CENTRE_HIDER severe,flagged_%,64.70588235294117,5.882352941176471,-58.8235294117647
per-type (all lots),L4b' III_CENTRE_HIDER moderate,flagged_%,59.09090909090909,0.0,-59.09090909090909
per-type (all lots),L4b' III_CENTRE_HIDER mild,flagged_%,33.333333333333336,4.761904761904762,-28.571428571428573
per-type (all lots),L4b' VI_LOT_SHIFT (all),flagged_%,6.966666666666667,7.033333333333333,0.06666666666666643
per-type (all lots),L4b' Va_MILDLY_HIGH_STABLE (all),flagged_%,8.666666666666666,8.61111111111111,-0.05555555555555536
per-type (all lots),L4c III_CENTRE_HIDER (all),flagged_%,71.66666666666667,48.333333333333336,-23.333333333333336
per-type (all lots),L4c III_CENTRE_HIDER severe,flagged_%,94.11764705882354,64.70588235294117,-29.411764705882362
per-type (all lots),L4c III_CENTRE_HIDER moderate,flagged_%,86.36363636363636,45.45454545454545,-40.90909090909091
per-type (all lots),L4c IV_CORRELATION_BREAK (all),flagged_%,81.66666666666667,82.14285714285714,0.4761904761904674
per-type (all lots),L4c IV_CORRELATION_BREAK mild,flagged_%,45.39007092198582,46.808510638297875,1.418439716312058
per-type (all lots),L4c VII_FIXTURE_ARTIFACT (all),flagged_%,82.96875,82.8125,-0.15625
per-type (all lots),L4c Va_MILDLY_HIGH_STABLE (all),flagged_%,63.611111111111114,63.22222222222222,-0.38888888888889284
