target,alpha,n_splits,mean_FNR,SE,excess,excess_in_SE,p_one_sided,verdict
ModuleA_LOF,0.01,40,0.00962787504607311,0.0010114745251275,-0.0003721249539268903,-0.36790343669800546,0.6425327453102119,holds
ModuleA_LOF,0.02,40,0.01945940066198993,0.0013420833270886131,-0.0005405993380100706,-0.4028060904256928,0.6553547501284066,holds
ModuleA_LOF,0.03,40,0.02961344421202348,0.00166434446232939,-0.0003865557879765176,-0.2322570818275805,0.5912235813430392,holds
ModuleA_LOF,0.05,40,0.04975793851336237,0.0022353807669800428,-0.00024206148663763472,-0.10828646743912682,0.5428381668251242,holds
ModuleA_LOF,0.075,40,0.07478231879452264,0.002392809178495185,-0.0002176812054773547,-0.09097307358802943,0.536010179149407,holds
ModuleA_LOF,0.1,40,0.0977599930141786,0.002139946597319548,-0.0022400069858213995,-1.0467583577212556,0.8491723028294699,holds
ModuleA_LOF,0.15,40,0.1461729875247571,0.003326509191640635,-0.0038270124752428913,-1.150459011164015,0.8715198467446571,holds
ModuleA_LOF,0.2,40,0.19458055499052976,0.0036766054652344164,-0.005419445009470253,-1.4740349653276477,0.92575051925114,holds
ModuleA_fused_maxz,0.01,40,0.008246424497157637,0.0008685417440977097,-0.0017535755028423635,-2.018988165806673,0.9747997070594913,holds
ModuleA_fused_maxz,0.02,40,0.01757267670737017,0.0011458789521193327,-0.0024273232926298287,-2.11830690156271,0.9797129068715197,holds
ModuleA_fused_maxz,0.03,40,0.02946773748752824,0.0017438023165061826,-0.0005322625124717581,-0.30523099289039796,0.6190933082381485,holds
ModuleA_fused_maxz,0.05,40,0.04996303006899696,0.0024881650354128117,-3.69699310030433e-05,-0.014858311437090673,0.5058895145560132,holds
ModuleA_fused_maxz,0.075,40,0.07616743921343858,0.002913355625331315,0.0011674392134385786,0.400719775947646,0.34540668184445855,holds
ModuleA_fused_maxz,0.1,40,0.0989748264723733,0.002548561023557728,-0.0010251735276267104,-0.402255829132784,0.6551539872766108,holds
ModuleA_fused_maxz,0.15,40,0.14683881233565116,0.0025849782270406557,-0.0031611876643488357,-1.2229068822633133,0.8856482844173293,holds
ModuleA_fused_maxz,0.2,40,0.19477310471961135,0.00339942411392073,-0.005226895280388666,-1.5375825743496947,0.9338873558207135,holds
ModuleB_upper_bound_margin,0.01,40,0.010314431743933192,0.0010160270985150165,0.0003144317439331915,0.30947180876647096,0.3793050616308594,holds
ModuleB_upper_bound_margin,0.02,40,0.01963586242845569,0.0012041287454153877,-0.0003641375715443089,-0.3024075066148284,0.6180257826398926,holds
ModuleB_upper_bound_margin,0.03,40,0.030602941168046727,0.0014191447244307097,0.0006029411680467285,0.42486235382976784,0.3366359857104846,holds
ModuleB_upper_bound_margin,0.05,40,0.04912211102053019,0.0019303328945879472,-0.0008778889794698111,-0.4547863127293425,0.6741077581217333,holds
ModuleB_upper_bound_margin,0.075,40,0.07299014576148219,0.0022831233747677543,-0.002009854238517808,-0.8803090804158825,0.807957730919766,holds
ModuleB_upper_bound_margin,0.1,40,0.09826463902467034,0.002473070190605323,-0.0017353609753296695,-0.7017030822343592,0.7564845212663025,holds
ModuleB_upper_bound_margin,0.15,40,0.1466758133649998,0.0036386437892566006,-0.003324186635000198,-0.913578472510867,0.8167240073391275,holds
ModuleB_upper_bound_margin,0.2,40,0.19594914507692826,0.003604759314674947,-0.0040508549230717505,-1.123751842898568,0.8660059718571885,holds
