target,alpha,emp_FNR_mean,emp_FNR_p10,emp_FNR_p90,recall_mean,yield_loss_mean,yield_loss_p90,n_cal_def,holds
ModuleA_LOF,0.01,0.00962787504607311,0.002246687156749131,0.017142857142857144,99.0372124953927,86.6111848365259,91.48245190865336,440.15,True
ModuleA_LOF,0.02,0.01945940066198993,0.008637062588313526,0.030548489172923,98.05405993380101,66.00333279159284,82.0872301929922,440.15,True
ModuleA_LOF,0.03,0.029441560851937876,0.01409639327429085,0.04253431283632626,97.05584391480622,52.480140329698926,60.91170804549892,440.15,True
ModuleA_LOF,0.05,0.04960794545663203,0.03195492662473795,0.06853368624856016,95.0392054543368,37.36151404349774,43.53269997115819,440.15,True
ModuleA_LOF,0.075,0.07495859231556425,0.056810294968189706,0.09251623104381783,92.50414076844358,18.916372215979514,28.33437395168786,440.15,True
ModuleA_LOF,0.1,0.09753984912537592,0.07904025240445779,0.11436854269967009,90.24601508746241,8.308860242970272,9.638153552512597,440.15,True
ModuleA_LOF,0.15,0.14657427014398514,0.11904286308780691,0.1734320735444331,85.34257298560149,1.1317746494607823,1.7704419944052525,440.15,True
ModuleA_LOF,0.2,0.1942629537814301,0.16763592489254206,0.22250305748063595,80.57370462185699,0.07947475761708231,0.14563567949902512,440.15,True
ModuleA_fused_maxz,0.01,0.00802530212698636,0.0022382015369115586,0.015167295391175992,99.19746978730136,42.66465230845347,55.987835731402654,440.15,True
ModuleA_fused_maxz,0.02,0.01773698047802559,0.01086201303797336,0.028149882903981266,98.22630195219745,23.823397717442194,26.03380526211808,440.15,True
ModuleA_fused_maxz,0.03,0.02900425605747457,0.016449399656946827,0.04605220754108927,97.09957439425254,18.237936025503863,20.116504478470095,440.15,True
ModuleA_fused_maxz,0.05,0.049792877493199786,0.02958801498127341,0.06979904446586481,95.02071225068002,11.617083955653467,14.413025312262027,440.15,True
ModuleA_fused_maxz,0.075,0.07645777195709551,0.05116637748216695,0.09867687811759963,92.35422280429046,7.00784633152026,8.863159671731903,440.15,False
ModuleA_fused_maxz,0.1,0.09893523575252582,0.0788214340237138,0.11691118180084896,90.10647642474741,4.441714024648871,5.322337001804136,440.15,True
ModuleA_fused_maxz,0.15,0.14683881233565116,0.1312260586183776,0.16864574568133445,85.31611876643488,1.6101532610014668,1.933067552922716,440.15,True
ModuleA_fused_maxz,0.2,0.19443348413213596,0.16781440781440782,0.2224050950981908,80.5566515867864,0.9690573502114403,1.2693568431504612,440.15,True
ModuleB_upper_bound_margin,0.01,0.010457721010396537,0.004017361661645791,0.018663162592353847,98.95422789896034,99.95001916475881,99.97075963462359,440.15,False
ModuleB_upper_bound_margin,0.02,0.020225687872598812,0.009681260304084997,0.02850408384381381,97.97743121274013,99.7875581960777,99.93675813392807,440.15,False
ModuleB_upper_bound_margin,0.03,0.0309845000170969,0.019362520608169995,0.042661498708010344,96.9015499982903,99.4293122837658,99.6280622543224,440.15,False
ModuleB_upper_bound_margin,0.05,0.049771190456655866,0.03262831839567411,0.06327304748357379,95.02288095433441,98.38367088797287,99.2831313348052,440.15,True
ModuleB_upper_bound_margin,0.075,0.073709248865024,0.05336326668925788,0.09127773876604953,92.62907511349759,95.69398192495973,97.59586631522077,440.15,True
ModuleB_upper_bound_margin,0.1,0.0992311490961792,0.07118018455560952,0.1256186454803045,90.07688509038208,91.48625849832794,94.19196188782601,440.15,True
ModuleB_upper_bound_margin,0.15,0.14990062814690835,0.11760748530776369,0.1750398633257403,85.00993718530916,77.83258796735649,82.56339308812136,440.15,True
ModuleB_upper_bound_margin,0.2,0.19819703694381996,0.16493124932860673,0.23528915414694382,80.180296305618,62.9466229958112,71.0322564623554,440.15,True
