component_id,defect_type,severity,in_test,tier,primary,secondary,n_evidence_lines,has_mechanism,mech_confidence,cf_found,cf_validated,flagged
LOT222-C0133,GOOD,,True,PASS,NONE,,11,False,,False,False,False
LOT196-C0140,GOOD,,True,PASS,NONE,,11,False,,False,False,False
LOT239-C0427,GOOD,,True,PASS,DRIFT_RATE,,11,False,,False,False,False
LOT216-C0243,GOOD,,True,PASS,DRIFT_RATE,,11,False,,False,False,False
LOT193-C0301,GOOD,,True,PASS,NONE,,11,False,,False,False,False
LOT226-C0456,GOOD,,True,PASS,NONE,,10,False,,False,False,False
LOT223-C0035,GOOD,,True,PASS,NONE,,11,False,,False,False,False
LOT212-C0086,GOOD,,True,PASS,NONE,,11,False,,False,False,False
LOT228-C0293,GOOD,,True,PASS,NONE,,11,False,,False,False,False
LOT193-C0026,GOOD,,True,PASS,NONE,,11,False,,False,False,False
LOT210-C0154,GOOD,,True,WATCH,JOINT,,11,True,speculative,False,False,False
LOT236-C0340,GOOD,,True,PASS,NONE,,11,False,,False,False,False
LOT232-C0308,GOOD,,True,PASS,NONE,,11,False,,False,False,False
LOT214-C0072,GOOD,,True,PASS,DRIFT_RATE,,11,False,,False,False,False
LOT221-C0022,GOOD,,True,PASS,NONE,,11,False,,False,False,False
LOT232-C0238,GOOD,,True,PASS,NONE,,11,False,,False,False,False
LOT206-C0325,GOOD,,True,PASS,NONE,,11,True,plausible,False,False,False
LOT193-C0477,GOOD,,True,PASS,NONE,,11,False,,False,False,False
LOT192-C0129,GOOD,,True,PASS,NONE,,11,False,,False,False,False
LOT230-C0495,GOOD,,True,PASS,NONE,,11,True,plausible,False,False,False
LOT224-C0059,GOOD,,True,PASS,NONE,,11,False,,False,False,False
LOT200-C0177,GOOD,,True,PASS,DRIFT_RATE,,11,True,plausible,False,False,False
LOT192-C0065,GOOD,,True,MEASUREMENT_INVALID,DATA_QUALITY,,11,False,,False,False,False
LOT222-C0233,GOOD,,True,PASS,NONE,,11,False,,False,False,False
LOT204-C0138,GOOD,,True,PASS,NONE,,11,False,,False,False,False
LOT239-C0038,GOOD,,True,PASS,NONE,,11,False,,False,False,False
LOT195-C0298,GOOD,,True,PASS,NONE,,11,False,,False,False,False
LOT230-C0262,GOOD,,True,PASS,DRIFT_RATE,,11,False,,False,False,False
LOT217-C0485,GOOD,,True,PASS,NONE,,11,False,,False,False,False
LOT206-C0141,GOOD,,True,PASS,NONE,,11,False,,False,False,False
LOT216-C0069,GOOD,,True,PASS,NONE,,11,False,,False,False,False
LOT210-C0393,GOOD,,True,PASS,NONE,,11,True,plausible,False,False,False
LOT195-C0425,GOOD,,True,PASS,NONE,,11,False,,False,False,False
LOT218-C0026,GOOD,,True,PASS,NONE,,11,False,,False,False,False
LOT223-C0006,GOOD,,True,WATCH,NONE,,11,False,,False,False,False
LOT232-C0495,GOOD,,True,PASS,NONE,,11,True,plausible,False,False,False
LOT235-C0300,GOOD,,True,PASS,NONE,,11,False,,False,False,False
LOT230-C0421,GOOD,,True,PASS,NONE,,11,True,plausible,False,False,False
LOT193-C0177,GOOD,,True,PASS,NONE,,11,True,plausible,False,False,False
LOT223-C0093,GOOD,,True,PASS,NONE,,11,False,,False,False,False
LOT238-C0190,GOOD,,True,PASS,NONE,,11,False,,False,False,False
LOT217-C0115,GOOD,,True,PASS,NONE,,11,False,,False,False,False
LOT192-C0199,GOOD,,True,PASS,NONE,,11,False,,False,False,False
LOT204-C0422,GOOD,,True,PASS,NONE,,11,False,,False,False,False
LOT224-C0425,GOOD,,True,PASS,NONE,,11,False,,False,False,False
LOT233-C0137,GOOD,,True,WATCH,NONE,,11,False,,False,False,False
LOT210-C0058,GOOD,,True,PASS,NONE,,11,False,,False,False,False
LOT205-C0105,GOOD,,True,PASS,NONE,,11,False,,False,False,False
LOT226-C0441,GOOD,,True,PASS,NONE,,11,False,,False,False,False
LOT218-C0408,GOOD,,True,PASS,NONE,,11,False,,False,False,False
LOT218-C0280,GOOD,,True,PASS,NONE,,11,False,,False,False,False
LOT197-C0471,GOOD,,True,PASS,NONE,,11,False,,False,False,False
LOT215-C0046,GOOD,,True,PASS,NONE,,11,False,,False,False,False
LOT200-C0190,GOOD,,True,PASS,NONE,,11,False,,False,False,False
LOT192-C0396,GOOD,,True,PASS,NONE,,11,False,,False,False,False
LOT221-C0253,GOOD,,True,PASS,DRIFT_RATE,,11,False,,False,False,False
LOT224-C0050,GOOD,,True,PASS,NONE,,11,False,,False,False,False
LOT237-C0239,GOOD,,True,PASS,DRIFT_RATE,,11,False,,False,False,False
LOT211-C0120,GOOD,,True,PASS,DRIFT_RATE,,11,False,,False,False,False
LOT228-C0291,GOOD,,True,PASS,NONE,,11,False,,False,False,False
LOT115-C0011,III_CENTRE_HIDER,severe,False,REVIEW,JOINT,,11,True,speculative,False,False,True
LOT226-C0066,II_STEP_DEFECT,,True,REVIEW,STEP,DRIFT_RATE,11,True,plausible,True,True,True
LOT206-C0423,II_STEP_DEFECT,,True,REVIEW,STEP,DRIFT_RATE,11,True,plausible,False,False,True
LOT220-C0103,II_STEP_DEFECT,,True,REVIEW,STEP,,11,True,plausible,False,False,True
LOT196-C0085,II_STEP_DEFECT,,True,REJECT,NONE,,7,False,,False,False,True
LOT213-C0246,II_STEP_DEFECT,,True,REJECT,NONE,,7,True,plausible,False,False,True
LOT216-C0211,II_STEP_DEFECT,,True,REVIEW,STEP,DRIFT_RATE,11,True,plausible,False,False,True
LOT234-C0157,II_STEP_DEFECT,,True,REVIEW,STEP,LEVEL,11,True,plausible,False,False,True
LOT226-C0052,II_STEP_DEFECT,,True,REVIEW,STEP,DRIFT_RATE,11,True,plausible,False,False,True
LOT211-C0393,II_STEP_DEFECT,,True,REVIEW,STEP,DRIFT_RATE,11,True,plausible,False,False,True
LOT215-C0270,II_STEP_DEFECT,,True,REVIEW,STEP,DRIFT_RATE,11,True,plausible,False,False,True
LOT208-C0069,II_STEP_DEFECT,,True,REVIEW,STEP,DRIFT_RATE,11,True,plausible,False,False,True
LOT207-C0409,II_STEP_DEFECT,,True,REJECT,DRIFT_RATE,,7,False,,False,False,True
LOT192-C0282,II_STEP_DEFECT,,True,REVIEW,STEP,,11,True,plausible,False,False,True
LOT202-C0222,II_STEP_DEFECT,,True,REVIEW,STEP,DRIFT_RATE,11,True,plausible,False,False,True
LOT219-C0192,II_STEP_DEFECT,,True,REVIEW,STEP,LEVEL,11,True,plausible,False,False,True
LOT223-C0438,II_STEP_DEFECT,,True,REVIEW,STEP,,11,True,plausible,False,False,True
LOT231-C0105,II_STEP_DEFECT,,True,REVIEW,STEP,,11,True,plausible,True,True,True
LOT208-C0084,II_STEP_DEFECT,,True,REJECT,DRIFT_RATE,,7,False,,False,False,True
LOT223-C0044,II_STEP_DEFECT,,True,REJECT,NONE,,7,False,,False,False,True
LOT199-C0004,II_STEP_DEFECT,,True,REJECT,DRIFT_RATE,,7,False,,False,False,True
LOT209-C0064,II_STEP_DEFECT,,True,REVIEW,STEP,,11,True,plausible,False,False,True
LOT198-C0359,II_STEP_DEFECT,,True,REVIEW,STEP,DRIFT_RATE,11,True,plausible,False,False,True
LOT227-C0269,II_STEP_DEFECT,,True,REVIEW,STEP,DRIFT_RATE,11,True,plausible,False,False,True
LOT212-C0105,II_STEP_DEFECT,,True,REVIEW,STEP,DRIFT_RATE,11,True,plausible,True,True,True
LOT217-C0404,II_STEP_DEFECT,,True,REVIEW,STEP,,11,True,plausible,True,True,True
LOT219-C0160,II_STEP_DEFECT,,True,REVIEW,STEP,JOINT,11,True,plausible,False,False,True
LOT193-C0483,II_STEP_DEFECT,,True,REVIEW,STEP,LEVEL,11,True,plausible,False,False,True
LOT234-C0216,II_STEP_DEFECT,,True,REVIEW,STEP,DRIFT_RATE,11,True,plausible,False,False,True
LOT231-C0243,II_STEP_DEFECT,,True,REVIEW,STEP,JOINT,11,True,plausible,False,False,True
LOT210-C0252,II_STEP_DEFECT,,True,REVIEW,STEP,LEVEL,11,True,plausible,True,True,True
LOT210-C0469,II_STEP_DEFECT,,True,REVIEW,STEP,DRIFT_RATE,11,True,plausible,False,False,True
LOT201-C0220,II_STEP_DEFECT,,True,REJECT,DRIFT_RATE,FORECAST,7,False,,False,False,True
LOT234-C0479,II_STEP_DEFECT,,True,REVIEW,STEP,,11,True,plausible,False,False,True
LOT226-C0485,II_STEP_DEFECT,,True,REVIEW,STEP,,11,True,plausible,False,False,True
LOT194-C0060,II_STEP_DEFECT,,True,REVIEW,STEP,,11,True,plausible,False,False,True
LOT236-C0492,II_STEP_DEFECT,,True,REVIEW,STEP,DRIFT_RATE,11,True,plausible,False,False,True
LOT211-C0213,II_STEP_DEFECT,,True,REVIEW,STEP,,11,True,plausible,True,True,True
LOT207-C0021,II_STEP_DEFECT,,True,REJECT,DRIFT_RATE,FORECAST,7,False,,False,False,True
LOT209-C0144,II_STEP_DEFECT,,True,REJECT,DRIFT_RATE,,7,False,,False,False,True
LOT210-C0106,II_STEP_DEFECT,,True,REVIEW,STEP,JOINT,11,True,plausible,False,False,True
LOT199-C0107,II_STEP_DEFECT,,True,REVIEW,STEP,,11,True,plausible,False,False,True
LOT231-C0431,II_STEP_DEFECT,,True,REVIEW,STEP,DRIFT_RATE,11,True,plausible,False,False,True
LOT213-C0076,II_STEP_DEFECT,,True,REJECT,DRIFT_RATE,,7,False,,False,False,True
LOT233-C0042,II_STEP_DEFECT,,True,REJECT,NONE,,7,False,,False,False,True
LOT224-C0179,II_STEP_DEFECT,,True,REJECT,DRIFT_RATE,FORECAST,7,False,,False,False,True
LOT235-C0318,II_STEP_DEFECT,,True,REVIEW,STEP,,11,True,plausible,False,False,True
LOT221-C0298,II_STEP_DEFECT,,True,REVIEW,STEP,,11,True,plausible,True,True,True
LOT233-C0446,II_STEP_DEFECT,,True,REVIEW,STEP,,11,True,plausible,False,False,True
LOT211-C0031,II_STEP_DEFECT,,True,REVIEW,STEP,DRIFT_RATE,11,True,plausible,True,True,True
LOT234-C0272,II_STEP_DEFECT,,True,REVIEW,STEP,JOINT,11,True,plausible,False,False,True
LOT198-C0198,II_STEP_DEFECT,,True,REVIEW,STEP,DRIFT_RATE,11,True,plausible,True,True,True
LOT212-C0357,II_STEP_DEFECT,,True,REVIEW,STEP,,11,True,plausible,True,True,True
LOT195-C0070,II_STEP_DEFECT,,True,REVIEW,STEP,DRIFT_RATE,11,True,plausible,False,False,True
LOT192-C0394,II_STEP_DEFECT,,True,REVIEW,STEP,,11,True,plausible,False,False,True
LOT206-C0428,II_STEP_DEFECT,,True,REVIEW,STEP,DRIFT_RATE,11,True,plausible,False,False,True
LOT224-C0294,II_STEP_DEFECT,,True,REJECT,DRIFT_RATE,,7,False,,True,True,True
LOT230-C0159,II_STEP_DEFECT,,True,REVIEW,STEP,,11,True,plausible,False,False,True
LOT235-C0444,II_STEP_DEFECT,,True,REVIEW,STEP,DRIFT_RATE,11,True,plausible,False,False,True
LOT205-C0377,II_STEP_DEFECT,,True,REVIEW,STEP,DRIFT_RATE,11,True,plausible,False,False,True
LOT210-C0273,II_STEP_DEFECT,,True,REJECT,DRIFT_RATE,FORECAST,7,False,,False,False,True
LOT207-C0454,IV_CORRELATION_BREAK,moderate,True,REVIEW,JOINT,,11,True,well-founded,False,False,True
LOT231-C0412,IV_CORRELATION_BREAK,severe,True,REVIEW,JOINT,,11,True,speculative,False,False,True
LOT198-C0007,IV_CORRELATION_BREAK,severe,True,REVIEW,JOINT,,11,True,speculative,False,False,True
LOT218-C0475,IV_CORRELATION_BREAK,moderate,True,REVIEW,JOINT,,11,True,well-founded,False,False,True
LOT236-C0208,IV_CORRELATION_BREAK,severe,True,REVIEW,JOINT,,11,True,well-founded,False,False,True
LOT234-C0155,IV_CORRELATION_BREAK,severe,True,REVIEW,JOINT,,11,True,well-founded,False,False,True
LOT202-C0220,IV_CORRELATION_BREAK,moderate,True,REVIEW,JOINT,,11,True,well-founded,False,False,True
LOT205-C0330,IV_CORRELATION_BREAK,severe,True,REVIEW,JOINT,,11,True,speculative,False,False,True
LOT229-C0086,IV_CORRELATION_BREAK,severe,True,REVIEW,JOINT,DRIFT_RATE,11,True,speculative,False,False,True
LOT197-C0222,IV_CORRELATION_BREAK,moderate,True,REVIEW,JOINT,,11,True,well-founded,False,False,True
LOT194-C0321,IV_CORRELATION_BREAK,severe,True,REVIEW,JOINT,,11,True,well-founded,False,False,True
LOT211-C0221,IV_CORRELATION_BREAK,severe,True,REVIEW,JOINT,,11,True,well-founded,False,False,True
LOT212-C0351,IV_CORRELATION_BREAK,severe,True,REVIEW,JOINT,,11,True,well-founded,False,False,True
LOT197-C0171,IV_CORRELATION_BREAK,severe,True,REVIEW,JOINT,,11,True,speculative,False,False,True
LOT218-C0413,IV_CORRELATION_BREAK,severe,True,REVIEW,JOINT,DRIFT_RATE,11,True,well-founded,False,False,True
LOT232-C0376,IV_CORRELATION_BREAK,severe,True,REVIEW,JOINT,,11,True,speculative,False,False,True
LOT238-C0263,IV_CORRELATION_BREAK,moderate,True,REVIEW,JOINT,,11,True,speculative,False,False,True
LOT236-C0460,IV_CORRELATION_BREAK,severe,True,REVIEW,JOINT,DRIFT_RATE,11,True,well-founded,False,False,True
LOT233-C0182,IV_CORRELATION_BREAK,severe,True,REVIEW,JOINT,,11,True,well-founded,False,False,True
LOT233-C0362,IV_CORRELATION_BREAK,severe,True,REVIEW,JOINT,,11,True,well-founded,False,False,True
LOT211-C0440,IV_CORRELATION_BREAK,severe,True,REVIEW,JOINT,,11,True,well-founded,False,False,True
LOT214-C0071,IV_CORRELATION_BREAK,severe,True,REVIEW,JOINT,,11,True,speculative,False,False,True
LOT209-C0364,IV_CORRELATION_BREAK,severe,True,REVIEW,JOINT,,11,True,well-founded,False,False,True
LOT223-C0027,IV_CORRELATION_BREAK,severe,True,REVIEW,JOINT,,11,True,well-founded,False,False,True
LOT222-C0446,IV_CORRELATION_BREAK,severe,True,REVIEW,JOINT,,11,True,speculative,False,False,True
LOT227-C0170,IV_CORRELATION_BREAK,moderate,True,REVIEW,JOINT,,11,True,well-founded,False,False,True
LOT193-C0138,IV_CORRELATION_BREAK,moderate,True,REVIEW,JOINT,,11,True,well-founded,False,False,True
LOT207-C0005,IV_CORRELATION_BREAK,severe,True,REVIEW,JOINT,,11,True,well-founded,False,False,True
LOT222-C0173,IV_CORRELATION_BREAK,severe,True,REVIEW,JOINT,,11,True,well-founded,False,False,True
LOT196-C0479,IV_CORRELATION_BREAK,severe,True,REVIEW,JOINT,,11,True,speculative,False,False,True
LOT228-C0060,IV_CORRELATION_BREAK,moderate,True,REVIEW,JOINT,,11,True,well-founded,False,False,True
LOT224-C0285,IV_CORRELATION_BREAK,moderate,True,REVIEW,JOINT,,11,True,speculative,False,False,True
LOT192-C0480,IV_CORRELATION_BREAK,moderate,True,REVIEW,JOINT,,11,True,well-founded,False,False,True
LOT215-C0262,IV_CORRELATION_BREAK,moderate,True,REVIEW,JOINT,DRIFT_RATE,11,True,well-founded,False,False,True
LOT200-C0342,IV_CORRELATION_BREAK,severe,True,REVIEW,JOINT,,11,True,well-founded,False,False,True
LOT214-C0204,IV_CORRELATION_BREAK,severe,True,REVIEW,JOINT,,11,True,speculative,False,False,True
LOT195-C0308,IV_CORRELATION_BREAK,moderate,True,REVIEW,JOINT,,11,True,speculative,False,False,True
LOT209-C0461,IV_CORRELATION_BREAK,severe,True,REVIEW,JOINT,,11,True,speculative,False,False,True
LOT222-C0329,IV_CORRELATION_BREAK,severe,True,REVIEW,JOINT,,11,True,speculative,False,False,True
LOT237-C0335,IV_CORRELATION_BREAK,severe,True,REVIEW,JOINT,,11,True,speculative,False,False,True
LOT216-C0323,I_STEEP_DRIFTER,,True,REVIEW,DRIFT_RATE,,11,False,,False,False,True
LOT203-C0246,I_STEEP_DRIFTER,,True,REVIEW,DRIFT_RATE,LEVEL,11,False,,False,False,True
LOT217-C0130,I_STEEP_DRIFTER,,True,REVIEW,DRIFT_RATE,,11,False,,False,False,True
LOT193-C0249,I_STEEP_DRIFTER,,True,REVIEW,DRIFT_RATE,LEVEL,11,False,,False,False,True
LOT225-C0253,I_STEEP_DRIFTER,,True,REVIEW,DRIFT_RATE,,11,False,,True,True,True
LOT194-C0355,I_STEEP_DRIFTER,,True,REVIEW,DRIFT_RATE,,11,False,,False,False,True
LOT234-C0014,I_STEEP_DRIFTER,,True,REVIEW,DRIFT_RATE,,11,True,plausible,False,False,True
LOT192-C0035,I_STEEP_DRIFTER,,True,REVIEW,DRIFT_RATE,LEVEL,11,False,,False,False,True
LOT239-C0095,I_STEEP_DRIFTER,,True,REVIEW,DRIFT_RATE,,11,True,plausible,True,True,True
LOT206-C0218,I_STEEP_DRIFTER,,True,REVIEW,DRIFT_RATE,,11,True,plausible,False,False,True
LOT238-C0449,I_STEEP_DRIFTER,,True,REVIEW,DRIFT_RATE,,11,True,plausible,False,False,True
LOT215-C0372,I_STEEP_DRIFTER,,True,REJECT,DRIFT_RATE,,7,False,,False,False,True
LOT215-C0345,I_STEEP_DRIFTER,,True,REJECT,DRIFT_RATE,,7,False,,True,True,True
LOT221-C0074,I_STEEP_DRIFTER,,True,REVIEW,DRIFT_RATE,JOINT,11,True,well-founded,False,False,True
LOT205-C0278,I_STEEP_DRIFTER,,True,REVIEW,DRIFT_RATE,,11,True,plausible,False,False,True
LOT218-C0386,I_STEEP_DRIFTER,,True,REVIEW,DRIFT_RATE,,11,True,plausible,False,False,True
LOT215-C0250,I_STEEP_DRIFTER,,True,REJECT,DRIFT_RATE,,7,False,,False,False,True
LOT233-C0229,I_STEEP_DRIFTER,,True,REVIEW,DRIFT_RATE,,11,False,,False,False,True
LOT207-C0485,I_STEEP_DRIFTER,,True,REVIEW,DRIFT_RATE,,11,False,,True,True,True
LOT229-C0131,I_STEEP_DRIFTER,,True,REVIEW,DRIFT_RATE,,11,True,plausible,True,True,True
LOT217-C0461,I_STEEP_DRIFTER,,True,REJECT,DRIFT_RATE,,7,False,,False,False,True
LOT228-C0326,I_STEEP_DRIFTER,,True,REVIEW,DRIFT_RATE,,11,False,,True,True,True
LOT201-C0222,I_STEEP_DRIFTER,,True,REVIEW,DRIFT_RATE,,11,False,,False,False,True
LOT203-C0476,I_STEEP_DRIFTER,,True,REJECT,DRIFT_RATE,,7,False,,False,False,True
LOT197-C0235,I_STEEP_DRIFTER,,True,REVIEW,DRIFT_RATE,,11,True,plausible,False,False,True
LOT211-C0324,I_STEEP_DRIFTER,,True,REVIEW,DRIFT_RATE,LEVEL,11,True,plausible,False,False,True
LOT199-C0483,I_STEEP_DRIFTER,,True,REVIEW,DRIFT_RATE,,11,False,,False,False,True
LOT210-C0463,I_STEEP_DRIFTER,,True,REVIEW,DRIFT_RATE,,11,False,,False,False,True
LOT205-C0101,I_STEEP_DRIFTER,,True,REJECT,DRIFT_RATE,,7,False,,True,True,True
LOT203-C0033,I_STEEP_DRIFTER,,True,REVIEW,DRIFT_RATE,,11,False,,False,False,True
LOT218-C0017,I_STEEP_DRIFTER,,True,REJECT,DRIFT_RATE,,7,False,,False,False,True
LOT224-C0352,I_STEEP_DRIFTER,,True,REJECT,DRIFT_RATE,,7,False,,False,False,True
LOT206-C0066,I_STEEP_DRIFTER,,True,REVIEW,DRIFT_RATE,,11,True,plausible,False,False,True
LOT194-C0158,I_STEEP_DRIFTER,,True,REJECT,DRIFT_RATE,,7,False,,False,False,True
LOT223-C0310,I_STEEP_DRIFTER,,True,REVIEW,DRIFT_RATE,LEVEL,11,True,plausible,False,False,True
LOT239-C0395,I_STEEP_DRIFTER,,True,REVIEW,DRIFT_RATE,,11,False,,False,False,True
LOT223-C0291,I_STEEP_DRIFTER,,True,REVIEW,DRIFT_RATE,,11,False,,True,True,True
LOT227-C0030,I_STEEP_DRIFTER,,True,REVIEW,DRIFT_RATE,LEVEL,11,True,plausible,False,False,True
LOT232-C0285,I_STEEP_DRIFTER,,True,REVIEW,DRIFT_RATE,,11,False,,False,False,True
LOT229-C0269,I_STEEP_DRIFTER,,True,REVIEW,DRIFT_RATE,,11,True,plausible,True,True,True
LOT201-C0147,I_STEEP_DRIFTER,,True,REVIEW,DRIFT_RATE,LEVEL,11,True,plausible,False,False,True
LOT199-C0453,I_STEEP_DRIFTER,,True,REVIEW,DRIFT_RATE,LEVEL,11,False,,False,False,True
LOT192-C0242,I_STEEP_DRIFTER,,True,REVIEW,DRIFT_RATE,,11,False,,False,False,True
LOT221-C0228,I_STEEP_DRIFTER,,True,REJECT,DRIFT_RATE,FORECAST,7,False,,False,False,True
LOT237-C0067,I_STEEP_DRIFTER,,True,REVIEW,DRIFT_RATE,,11,False,,False,False,True
LOT217-C0026,I_STEEP_DRIFTER,,True,REJECT,DRIFT_RATE,,7,False,,False,False,True
LOT236-C0382,I_STEEP_DRIFTER,,True,REVIEW,DRIFT_RATE,LEVEL,11,True,plausible,False,False,True
LOT205-C0385,I_STEEP_DRIFTER,,True,REJECT,DRIFT_RATE,,7,False,,False,False,True
LOT207-C0041,I_STEEP_DRIFTER,,True,REVIEW,DRIFT_RATE,,11,True,plausible,True,True,True
LOT203-C0378,I_STEEP_DRIFTER,,True,REVIEW,DRIFT_RATE,,11,False,,False,False,True
LOT214-C0332,I_STEEP_DRIFTER,,True,REJECT,DRIFT_RATE,,7,False,,False,False,True
LOT231-C0336,I_STEEP_DRIFTER,,True,REVIEW,DRIFT_RATE,,11,False,,False,False,True
LOT228-C0451,I_STEEP_DRIFTER,,True,REJECT,DRIFT_RATE,,7,False,,False,False,True
LOT232-C0068,I_STEEP_DRIFTER,,True,REJECT,DRIFT_RATE,,7,False,,False,False,True
LOT209-C0062,I_STEEP_DRIFTER,,True,REVIEW,DRIFT_RATE,LEVEL,11,False,,False,False,True
LOT239-C0112,I_STEEP_DRIFTER,,True,REVIEW,DRIFT_RATE,,11,False,,False,False,True
LOT230-C0463,I_STEEP_DRIFTER,,True,REVIEW,DRIFT_RATE,LEVEL,11,False,,False,False,True
LOT230-C0296,I_STEEP_DRIFTER,,True,REJECT,DRIFT_RATE,,7,False,,False,False,True
LOT226-C0433,I_STEEP_DRIFTER,,True,REVIEW,DRIFT_RATE,LEVEL,11,True,plausible,False,False,True
LOT203-C0458,I_STEEP_DRIFTER,,True,REJECT,DRIFT_RATE,,7,False,,True,True,True
LOT213-C0296,VII_FIXTURE_ARTIFACT,,True,FIXTURE_SUSPECT,SPATIAL,STEP,11,True,well-founded,False,False,True
LOT213-C0309,VII_FIXTURE_ARTIFACT,,True,FIXTURE_SUSPECT,SPATIAL,STEP,11,True,well-founded,False,False,True
LOT213-C0287,VII_FIXTURE_ARTIFACT,,True,FIXTURE_SUSPECT,SPATIAL,STEP,11,True,well-founded,False,False,True
LOT213-C0294,VII_FIXTURE_ARTIFACT,,True,REVIEW,STEP,DRIFT_RATE,11,True,plausible,False,False,True
LOT213-C0303,VII_FIXTURE_ARTIFACT,,True,FIXTURE_SUSPECT,SPATIAL,STEP,11,True,well-founded,False,False,True
LOT238-C0372,VII_FIXTURE_ARTIFACT,,True,FIXTURE_SUSPECT,SPATIAL,STEP,11,True,well-founded,False,False,True
LOT213-C0266,VII_FIXTURE_ARTIFACT,,True,FIXTURE_SUSPECT,SPATIAL,STEP,11,True,well-founded,False,False,True
LOT238-C0364,VII_FIXTURE_ARTIFACT,,True,FIXTURE_SUSPECT,SPATIAL,STEP,11,True,well-founded,False,False,True
LOT238-C0357,VII_FIXTURE_ARTIFACT,,True,FIXTURE_SUSPECT,SPATIAL,STEP,11,True,well-founded,False,False,True
LOT213-C0269,VII_FIXTURE_ARTIFACT,,True,FIXTURE_SUSPECT,SPATIAL,STEP,11,True,well-founded,False,False,True
LOT238-C0358,VII_FIXTURE_ARTIFACT,,True,REVIEW,STEP,DRIFT_RATE,11,True,plausible,False,False,True
LOT213-C0301,VII_FIXTURE_ARTIFACT,,True,FIXTURE_SUSPECT,SPATIAL,DRIFT_RATE,11,True,well-founded,False,False,True
LOT238-C0345,VII_FIXTURE_ARTIFACT,,True,FIXTURE_SUSPECT,SPATIAL,STEP,11,True,well-founded,False,False,True
LOT213-C0317,VII_FIXTURE_ARTIFACT,,True,FIXTURE_SUSPECT,SPATIAL,STEP,11,True,well-founded,False,False,True
LOT238-C0337,VII_FIXTURE_ARTIFACT,,True,FIXTURE_SUSPECT,SPATIAL,DRIFT_RATE,11,True,well-founded,False,False,True
LOT238-C0347,VII_FIXTURE_ARTIFACT,,True,FIXTURE_SUSPECT,SPATIAL,STEP,11,True,well-founded,False,False,True
LOT213-C0257,VII_FIXTURE_ARTIFACT,,True,FIXTURE_SUSPECT,SPATIAL,STEP,11,True,well-founded,False,False,True
LOT213-C0263,VII_FIXTURE_ARTIFACT,,True,FIXTURE_SUSPECT,SPATIAL,STEP,11,True,well-founded,False,False,True
LOT213-C0270,VII_FIXTURE_ARTIFACT,,True,FIXTURE_SUSPECT,SPATIAL,STEP,11,True,well-founded,False,False,True
LOT213-C0278,VII_FIXTURE_ARTIFACT,,True,FIXTURE_SUSPECT,SPATIAL,STEP,11,True,well-founded,False,False,True
LOT213-C0298,VII_FIXTURE_ARTIFACT,,True,FIXTURE_SUSPECT,SPATIAL,DRIFT_RATE,11,True,well-founded,False,False,True
LOT238-C0354,VII_FIXTURE_ARTIFACT,,True,FIXTURE_SUSPECT,SPATIAL,STEP,11,True,well-founded,False,False,True
LOT213-C0261,VII_FIXTURE_ARTIFACT,,True,FIXTURE_SUSPECT,SPATIAL,STEP,11,True,well-founded,False,False,True
LOT213-C0267,VII_FIXTURE_ARTIFACT,,True,FIXTURE_SUSPECT,SPATIAL,STEP,11,True,well-founded,False,False,True
LOT238-C0355,VII_FIXTURE_ARTIFACT,,True,FIXTURE_SUSPECT,SPATIAL,STEP,11,True,well-founded,False,False,True
LOT213-C0273,VII_FIXTURE_ARTIFACT,,True,FIXTURE_SUSPECT,SPATIAL,STEP,11,True,well-founded,False,False,True
LOT238-C0342,VII_FIXTURE_ARTIFACT,,True,FIXTURE_SUSPECT,SPATIAL,DRIFT_RATE,11,True,well-founded,False,False,True
LOT213-C0288,VII_FIXTURE_ARTIFACT,,True,FIXTURE_SUSPECT,SPATIAL,STEP,11,True,well-founded,False,False,True
LOT238-C0346,VII_FIXTURE_ARTIFACT,,True,FIXTURE_SUSPECT,SPATIAL,STEP,11,True,well-founded,False,False,True
LOT213-C0271,VII_FIXTURE_ARTIFACT,,True,FIXTURE_SUSPECT,SPATIAL,STEP,11,True,well-founded,False,False,True
LOT238-C0348,VII_FIXTURE_ARTIFACT,,True,FIXTURE_SUSPECT,SPATIAL,STEP,11,True,well-founded,True,True,True
LOT213-C0258,VII_FIXTURE_ARTIFACT,,True,FIXTURE_SUSPECT,SPATIAL,STEP,11,True,well-founded,False,False,True
LOT238-C0350,VII_FIXTURE_ARTIFACT,,True,REVIEW,STEP,DRIFT_RATE,11,True,plausible,False,False,True
LOT213-C0315,VII_FIXTURE_ARTIFACT,,True,FIXTURE_SUSPECT,SPATIAL,STEP,11,True,well-founded,False,False,True
LOT213-C0268,VII_FIXTURE_ARTIFACT,,True,FIXTURE_SUSPECT,SPATIAL,STEP,11,True,well-founded,False,False,True
LOT213-C0280,VII_FIXTURE_ARTIFACT,,True,FIXTURE_SUSPECT,SPATIAL,STEP,11,True,well-founded,False,False,True
LOT213-C0260,VII_FIXTURE_ARTIFACT,,True,FIXTURE_SUSPECT,SPATIAL,STEP,11,True,well-founded,False,False,True
LOT238-C0371,VII_FIXTURE_ARTIFACT,,True,FIXTURE_SUSPECT,SPATIAL,STEP,11,True,well-founded,False,False,True
LOT238-C0365,VII_FIXTURE_ARTIFACT,,True,FIXTURE_SUSPECT,SPATIAL,STEP,11,True,well-founded,False,False,True
LOT238-C0370,VII_FIXTURE_ARTIFACT,,True,REVIEW,STEP,DRIFT_RATE,11,True,plausible,False,False,True
LOT213-C0312,VII_FIXTURE_ARTIFACT,,True,FIXTURE_SUSPECT,SPATIAL,STEP,11,True,well-founded,False,False,True
LOT238-C0339,VII_FIXTURE_ARTIFACT,,True,FIXTURE_SUSPECT,SPATIAL,STEP,11,True,well-founded,False,False,True
LOT238-C0349,VII_FIXTURE_ARTIFACT,,True,FIXTURE_SUSPECT,SPATIAL,STEP,11,True,well-founded,False,False,True
LOT213-C0306,VII_FIXTURE_ARTIFACT,,True,FIXTURE_SUSPECT,SPATIAL,STEP,11,True,well-founded,False,False,True
LOT213-C0265,VII_FIXTURE_ARTIFACT,,True,FIXTURE_SUSPECT,SPATIAL,STEP,11,True,well-founded,False,False,True
LOT213-C0310,VII_FIXTURE_ARTIFACT,,True,FIXTURE_SUSPECT,SPATIAL,STEP,11,True,well-founded,False,False,True
LOT213-C0286,VII_FIXTURE_ARTIFACT,,True,FIXTURE_SUSPECT,SPATIAL,DRIFT_RATE,11,True,well-founded,False,False,True
LOT238-C0340,VII_FIXTURE_ARTIFACT,,True,FIXTURE_SUSPECT,SPATIAL,STEP,11,True,well-founded,False,False,True
LOT213-C0305,VII_FIXTURE_ARTIFACT,,True,FIXTURE_SUSPECT,SPATIAL,STEP,11,True,well-founded,False,False,True
LOT238-C0356,VII_FIXTURE_ARTIFACT,,True,FIXTURE_SUSPECT,SPATIAL,STEP,11,True,well-founded,False,False,True
LOT238-C0338,VII_FIXTURE_ARTIFACT,,True,FIXTURE_SUSPECT,SPATIAL,STEP,11,True,well-founded,False,False,True
LOT213-C0281,VII_FIXTURE_ARTIFACT,,True,FIXTURE_SUSPECT,SPATIAL,STEP,11,True,well-founded,False,False,True
LOT213-C0314,VII_FIXTURE_ARTIFACT,,True,FIXTURE_SUSPECT,SPATIAL,STEP,11,True,well-founded,False,False,True
LOT213-C0262,VII_FIXTURE_ARTIFACT,,True,FIXTURE_SUSPECT,SPATIAL,STEP,11,True,well-founded,False,False,True
LOT213-C0277,VII_FIXTURE_ARTIFACT,,True,FIXTURE_SUSPECT,SPATIAL,DRIFT_RATE,11,True,well-founded,False,False,True
LOT238-C0353,VII_FIXTURE_ARTIFACT,,True,FIXTURE_SUSPECT,SPATIAL,STEP,11,True,well-founded,False,False,True
LOT213-C0319,VII_FIXTURE_ARTIFACT,,True,FIXTURE_SUSPECT,SPATIAL,STEP,11,True,well-founded,False,False,True
LOT213-C0259,VII_FIXTURE_ARTIFACT,,True,FIXTURE_SUSPECT,SPATIAL,STEP,11,True,well-founded,False,False,True
LOT238-C0361,VII_FIXTURE_ARTIFACT,,True,FIXTURE_SUSPECT,SPATIAL,DRIFT_RATE,11,True,well-founded,False,False,True
LOT238-C0363,VII_FIXTURE_ARTIFACT,,True,FIXTURE_SUSPECT,SPATIAL,STEP,11,True,well-founded,False,False,True
LOT049-C0247,VI_LOT_SHIFT,,False,PASS,DRIFT_RATE,,11,False,,False,False,False
LOT054-C0252,VI_LOT_SHIFT,,False,PASS,NONE,,11,True,plausible,False,False,False
LOT084-C0130,VI_LOT_SHIFT,,False,PASS,NONE,,11,False,,False,False,False
LOT001-C0361,VI_LOT_SHIFT,,False,PASS,NONE,,11,False,,False,False,False
LOT001-C0120,VI_LOT_SHIFT,,False,PASS,NONE,,11,False,,False,False,False
LOT054-C0248,VI_LOT_SHIFT,,False,PASS,NONE,,11,False,,False,False,False
LOT001-C0010,VI_LOT_SHIFT,,False,PASS,NONE,,11,False,,False,False,False
LOT146-C0284,VI_LOT_SHIFT,,False,PASS,NONE,,11,False,,False,False,False
LOT146-C0197,VI_LOT_SHIFT,,False,WATCH,LEVEL,,11,False,,False,False,False
LOT054-C0429,VI_LOT_SHIFT,,False,PASS,NONE,,11,False,,False,False,False
LOT049-C0161,VI_LOT_SHIFT,,False,PASS,NONE,,11,False,,False,False,False
LOT040-C0229,VI_LOT_SHIFT,,False,PASS,NONE,,11,False,,False,False,False
LOT040-C0353,VI_LOT_SHIFT,,False,PASS,NONE,,11,False,,False,False,False
LOT001-C0365,VI_LOT_SHIFT,,False,PASS,NONE,,11,False,,False,False,False
LOT146-C0121,VI_LOT_SHIFT,,False,PASS,DRIFT_RATE,,11,False,,False,False,False
LOT049-C0415,VI_LOT_SHIFT,,False,PASS,NONE,,11,False,,False,False,False
LOT049-C0221,VI_LOT_SHIFT,,False,PASS,NONE,,11,True,plausible,False,False,False
LOT054-C0191,VI_LOT_SHIFT,,False,PASS,NONE,,11,False,,False,False,False
LOT084-C0273,VI_LOT_SHIFT,,False,PASS,NONE,,11,False,,False,False,False
LOT049-C0461,VI_LOT_SHIFT,,False,PASS,DRIFT_RATE,,11,False,,False,False,False
LOT146-C0384,VI_LOT_SHIFT,,False,PASS,NONE,,11,False,,False,False,False
LOT040-C0066,VI_LOT_SHIFT,,False,PASS,NONE,,11,False,,False,False,False
LOT054-C0405,VI_LOT_SHIFT,,False,REVIEW,LEVEL,,11,False,,False,False,False
LOT001-C0278,VI_LOT_SHIFT,,False,PASS,DRIFT_RATE,,11,False,,False,False,False
LOT084-C0075,VI_LOT_SHIFT,,False,PASS,NONE,,11,True,plausible,False,False,False
LOT054-C0428,VI_LOT_SHIFT,,False,PASS,NONE,,11,False,,False,False,False
LOT040-C0410,VI_LOT_SHIFT,,False,PASS,DRIFT_RATE,,11,False,,False,False,False
LOT084-C0459,VI_LOT_SHIFT,,False,PASS,NONE,,11,False,,False,False,False
LOT049-C0048,VI_LOT_SHIFT,,False,PASS,NONE,,11,False,,False,False,False
LOT001-C0043,VI_LOT_SHIFT,,False,PASS,NONE,,11,False,,False,False,False
LOT054-C0204,VI_LOT_SHIFT,,False,PASS,DRIFT_RATE,,11,False,,False,False,False
LOT146-C0422,VI_LOT_SHIFT,,False,PASS,NONE,,11,False,,False,False,False
LOT146-C0198,VI_LOT_SHIFT,,False,PASS,NONE,,10,False,,False,False,False
LOT040-C0384,VI_LOT_SHIFT,,False,PASS,NONE,,11,False,,False,False,False
LOT084-C0476,VI_LOT_SHIFT,,False,PASS,NONE,,11,False,,False,False,False
LOT049-C0261,VI_LOT_SHIFT,,False,PASS,NONE,,11,False,,False,False,False
LOT049-C0484,VI_LOT_SHIFT,,False,PASS,DRIFT_RATE,,11,False,,False,False,False
LOT084-C0387,VI_LOT_SHIFT,,False,PASS,NONE,,11,False,,False,False,False
LOT054-C0002,VI_LOT_SHIFT,,False,PASS,NONE,,11,False,,False,False,False
LOT049-C0481,VI_LOT_SHIFT,,False,PASS,NONE,,11,False,,False,False,False
LOT001-C0219,VI_LOT_SHIFT,,False,PASS,NONE,,11,False,,False,False,False
LOT049-C0406,VI_LOT_SHIFT,,False,PASS,NONE,,11,False,,False,False,False
LOT146-C0369,VI_LOT_SHIFT,,False,PASS,NONE,,11,True,plausible,False,False,False
LOT049-C0274,VI_LOT_SHIFT,,False,PASS,NONE,,11,False,,False,False,False
LOT040-C0310,VI_LOT_SHIFT,,False,PASS,NONE,,11,False,,False,False,False
LOT146-C0223,VI_LOT_SHIFT,,False,PASS,NONE,,11,False,,False,False,False
LOT040-C0326,VI_LOT_SHIFT,,False,PASS,NONE,,11,False,,True,True,False
LOT054-C0246,VI_LOT_SHIFT,,False,PASS,NONE,,11,False,,False,False,False
LOT054-C0244,VI_LOT_SHIFT,,False,WATCH,NONE,,11,True,plausible,False,False,False
LOT040-C0409,VI_LOT_SHIFT,,False,PASS,NONE,,11,True,plausible,False,False,False
LOT054-C0415,VI_LOT_SHIFT,,False,PASS,DRIFT_RATE,,11,False,,False,False,False
LOT001-C0406,VI_LOT_SHIFT,,False,PASS,NONE,,11,False,,False,False,False
LOT084-C0222,VI_LOT_SHIFT,,False,PASS,NONE,,11,False,,False,False,False
LOT084-C0041,VI_LOT_SHIFT,,False,PASS,DRIFT_RATE,,11,False,,False,False,False
LOT040-C0370,VI_LOT_SHIFT,,False,PASS,NONE,,11,False,,False,False,False
LOT054-C0096,VI_LOT_SHIFT,,False,PASS,NONE,,11,True,plausible,False,False,False
LOT001-C0350,VI_LOT_SHIFT,,False,PASS,NONE,,11,False,,False,False,False
LOT049-C0344,VI_LOT_SHIFT,,False,PASS,NONE,,11,False,,False,False,False
LOT146-C0179,VI_LOT_SHIFT,,False,PASS,NONE,,11,False,,False,False,False
LOT146-C0053,VI_LOT_SHIFT,,False,PASS,NONE,,11,False,,False,False,False
LOT206-C0172,Va_MILDLY_HIGH_STABLE,,True,PASS,NONE,,10,False,,False,False,False
LOT193-C0105,Va_MILDLY_HIGH_STABLE,,True,REVIEW,LEVEL,,11,False,,False,False,False
LOT195-C0330,Va_MILDLY_HIGH_STABLE,,True,REVIEW,JOINT,,10,True,speculative,False,False,True
LOT201-C0170,Va_MILDLY_HIGH_STABLE,,True,PASS,NONE,,11,False,,False,False,False
LOT213-C0158,Va_MILDLY_HIGH_STABLE,,True,REVIEW,LEVEL,FORECAST,11,False,,False,False,True
LOT202-C0444,Va_MILDLY_HIGH_STABLE,,True,REVIEW,LEVEL,FORECAST,11,True,plausible,False,False,True
LOT221-C0305,Va_MILDLY_HIGH_STABLE,,True,REVIEW,LEVEL,,10,False,,False,False,False
LOT236-C0150,Va_MILDLY_HIGH_STABLE,,True,PASS,NONE,,10,False,,False,False,False
LOT221-C0375,Va_MILDLY_HIGH_STABLE,,True,REVIEW,LEVEL,,11,False,,False,False,True
LOT196-C0112,Va_MILDLY_HIGH_STABLE,,True,PASS,NONE,,10,False,,False,False,False
LOT223-C0380,Va_MILDLY_HIGH_STABLE,,True,PASS,NONE,,10,False,,False,False,False
LOT235-C0341,Va_MILDLY_HIGH_STABLE,,True,PASS,NONE,,10,False,,False,False,False
LOT238-C0019,Va_MILDLY_HIGH_STABLE,,True,REVIEW,JOINT,,11,True,speculative,False,False,False
LOT195-C0451,Va_MILDLY_HIGH_STABLE,,True,REVIEW,LEVEL,,11,False,,False,False,False
LOT213-C0033,Va_MILDLY_HIGH_STABLE,,True,PASS,NONE,,10,False,,False,False,False
LOT197-C0491,Va_MILDLY_HIGH_STABLE,,True,PASS,NONE,,11,False,,False,False,False
LOT203-C0144,Va_MILDLY_HIGH_STABLE,,True,PASS,NONE,,11,False,,False,False,False
LOT192-C0250,Va_MILDLY_HIGH_STABLE,,True,REVIEW,JOINT,,11,True,speculative,False,False,False
LOT214-C0447,Va_MILDLY_HIGH_STABLE,,True,PASS,NONE,,10,True,plausible,False,False,False
LOT207-C0174,Va_MILDLY_HIGH_STABLE,,True,WATCH,NONE,,11,True,plausible,False,False,False
LOT215-C0348,Va_MILDLY_HIGH_STABLE,,True,REVIEW,DRIFT_RATE,LEVEL,11,False,,False,False,True
LOT232-C0328,Va_MILDLY_HIGH_STABLE,,True,PASS,NONE,,11,False,,False,False,False
LOT222-C0242,Va_MILDLY_HIGH_STABLE,,True,REVIEW,LEVEL,,10,False,,False,False,False
LOT200-C0440,Va_MILDLY_HIGH_STABLE,,True,REVIEW,LEVEL,,11,False,,False,False,True
LOT230-C0083,Va_MILDLY_HIGH_STABLE,,True,PASS,NONE,,10,False,,False,False,False
LOT199-C0153,Va_MILDLY_HIGH_STABLE,,True,REVIEW,LEVEL,FORECAST,11,False,,False,False,False
LOT238-C0473,Va_MILDLY_HIGH_STABLE,,True,PASS,NONE,,11,False,,False,False,False
LOT235-C0378,Va_MILDLY_HIGH_STABLE,,True,PASS,NONE,,10,False,,False,False,False
LOT204-C0163,Va_MILDLY_HIGH_STABLE,,True,REVIEW,NONE,,11,True,plausible,False,False,False
LOT233-C0300,Va_MILDLY_HIGH_STABLE,,True,REVIEW,NONE,,10,False,,False,False,False
LOT220-C0092,Va_MILDLY_HIGH_STABLE,,True,WATCH,NONE,,11,True,plausible,False,False,False
LOT193-C0182,Va_MILDLY_HIGH_STABLE,,True,PASS,NONE,,10,False,,False,False,False
LOT204-C0048,Va_MILDLY_HIGH_STABLE,,True,REVIEW,LEVEL,,11,False,,False,False,True
LOT217-C0000,Va_MILDLY_HIGH_STABLE,,True,PASS,NONE,,10,True,plausible,False,False,False
LOT194-C0188,Va_MILDLY_HIGH_STABLE,,True,WATCH,NONE,,10,False,,False,False,False
LOT206-C0049,Va_MILDLY_HIGH_STABLE,,True,WATCH,NONE,,11,False,,False,False,False
LOT238-C0131,Va_MILDLY_HIGH_STABLE,,True,WATCH,NONE,,11,False,,False,False,False
LOT232-C0109,Va_MILDLY_HIGH_STABLE,,True,PASS,NONE,,10,True,plausible,False,False,False
LOT231-C0008,Va_MILDLY_HIGH_STABLE,,True,PASS,NONE,,11,False,,False,False,False
LOT216-C0345,Va_MILDLY_HIGH_STABLE,,True,PASS,NONE,,11,False,,False,False,False
LOT220-C0173,Va_MILDLY_HIGH_STABLE,,True,WATCH,NONE,,10,True,plausible,False,False,False
LOT196-C0428,Va_MILDLY_HIGH_STABLE,,True,PASS,NONE,,10,False,,False,False,False
LOT234-C0232,Va_MILDLY_HIGH_STABLE,,True,REVIEW,LEVEL,,11,False,,False,False,True
LOT232-C0158,Va_MILDLY_HIGH_STABLE,,True,PASS,NONE,,10,False,,False,False,False
LOT194-C0124,Va_MILDLY_HIGH_STABLE,,True,REVIEW,LEVEL,,10,False,,False,False,True
LOT198-C0336,Va_MILDLY_HIGH_STABLE,,True,WATCH,NONE,,11,False,,True,True,False
LOT224-C0269,Va_MILDLY_HIGH_STABLE,,True,PASS,NONE,,10,False,,False,False,False
LOT220-C0284,Va_MILDLY_HIGH_STABLE,,True,WATCH,NONE,,11,False,,False,False,False
LOT208-C0424,Va_MILDLY_HIGH_STABLE,,True,REVIEW,LEVEL,FORECAST,10,True,plausible,False,False,True
LOT216-C0111,Va_MILDLY_HIGH_STABLE,,True,REVIEW,LEVEL,FORECAST,11,False,,False,False,True
LOT238-C0448,Va_MILDLY_HIGH_STABLE,,True,PASS,NONE,,11,False,,False,False,False
LOT216-C0250,Va_MILDLY_HIGH_STABLE,,True,PASS,NONE,,11,False,,False,False,False
LOT237-C0040,Va_MILDLY_HIGH_STABLE,,True,PASS,NONE,,11,False,,False,False,False
LOT222-C0289,Va_MILDLY_HIGH_STABLE,,True,WATCH,NONE,,11,False,,False,False,False
LOT201-C0039,Va_MILDLY_HIGH_STABLE,,True,PASS,NONE,,10,False,,False,False,False
LOT202-C0169,Va_MILDLY_HIGH_STABLE,,True,PASS,NONE,,10,False,,False,False,False
LOT194-C0065,Va_MILDLY_HIGH_STABLE,,True,PASS,NONE,,10,False,,False,False,False
LOT207-C0068,Va_MILDLY_HIGH_STABLE,,True,PASS,NONE,,10,False,,False,False,False
LOT217-C0163,Va_MILDLY_HIGH_STABLE,,True,PASS,NONE,,10,False,,False,False,False
LOT221-C0362,Va_MILDLY_HIGH_STABLE,,True,PASS,NONE,,11,False,,False,False,False
LOT227-C0265,Vb_EXTREME_LEVEL,,True,REVIEW,LEVEL,FORECAST,11,True,plausible,False,False,True
LOT237-C0443,Vb_EXTREME_LEVEL,,True,REVIEW,LEVEL,DRIFT_RATE,11,True,plausible,False,False,True
LOT212-C0025,Vb_EXTREME_LEVEL,,True,REVIEW,LEVEL,FORECAST,10,True,plausible,False,False,True
LOT237-C0277,Vb_EXTREME_LEVEL,,True,REVIEW,JOINT,LEVEL,11,True,well-founded,False,False,True
LOT235-C0421,Vb_EXTREME_LEVEL,,True,REVIEW,LEVEL,FORECAST,11,False,,False,False,True
LOT214-C0066,Vb_EXTREME_LEVEL,,True,REVIEW,LEVEL,,11,False,,False,False,True
LOT192-C0356,Vb_EXTREME_LEVEL,,True,REVIEW,LEVEL,FORECAST,11,True,plausible,False,False,True
LOT232-C0365,Vb_EXTREME_LEVEL,,True,REVIEW,LEVEL,,10,False,,False,False,True
LOT225-C0276,Vb_EXTREME_LEVEL,,True,REVIEW,LEVEL,FORECAST,10,True,plausible,False,False,True
LOT204-C0300,Vb_EXTREME_LEVEL,,True,REVIEW,LEVEL,FORECAST,10,True,plausible,False,False,True
LOT225-C0028,Vb_EXTREME_LEVEL,,True,REVIEW,LEVEL,,11,False,,False,False,True
LOT219-C0204,Vb_EXTREME_LEVEL,,True,REVIEW,LEVEL,FORECAST,11,False,,False,False,True
LOT197-C0391,Vb_EXTREME_LEVEL,,True,REVIEW,JOINT,,11,True,speculative,False,False,True
LOT198-C0041,Vb_EXTREME_LEVEL,,True,REVIEW,LEVEL,FORECAST,11,True,plausible,False,False,True
LOT192-C0353,Vb_EXTREME_LEVEL,,True,REVIEW,LEVEL,FORECAST,10,True,plausible,False,False,True
LOT203-C0340,Vb_EXTREME_LEVEL,,True,REVIEW,LEVEL,FORECAST,10,True,plausible,False,False,True
LOT221-C0221,Vb_EXTREME_LEVEL,,True,REVIEW,LEVEL,,11,False,,False,False,True
LOT230-C0466,Vb_EXTREME_LEVEL,,True,REVIEW,LEVEL,FORECAST,10,True,plausible,False,False,True
LOT234-C0461,Vb_EXTREME_LEVEL,,True,REVIEW,LEVEL,,11,False,,False,False,True
LOT212-C0099,Vb_EXTREME_LEVEL,,True,REVIEW,LEVEL,FORECAST,10,True,plausible,False,False,True
LOT227-C0012,Vb_EXTREME_LEVEL,,True,REVIEW,LEVEL,,11,False,,False,False,True
LOT239-C0266,Vb_EXTREME_LEVEL,,True,REVIEW,LEVEL,FORECAST,10,True,plausible,False,False,True
LOT204-C0073,Vb_EXTREME_LEVEL,,True,REVIEW,LEVEL,FORECAST,11,False,,False,False,True
LOT202-C0005,Vb_EXTREME_LEVEL,,True,REVIEW,JOINT,LEVEL,11,True,well-founded,False,False,True
LOT238-C0037,Vb_EXTREME_LEVEL,,True,REVIEW,LEVEL,,10,False,,False,False,True
LOT193-C0488,Vb_EXTREME_LEVEL,,True,REVIEW,LEVEL,FORECAST,10,True,plausible,False,False,True
LOT230-C0264,Vb_EXTREME_LEVEL,,True,REVIEW,LEVEL,,10,False,,False,False,True
LOT213-C0384,Vb_EXTREME_LEVEL,,True,REVIEW,LEVEL,FORECAST,11,True,plausible,False,False,True
LOT220-C0432,Vb_EXTREME_LEVEL,,True,REVIEW,LEVEL,,10,False,,False,False,True
LOT195-C0416,Vb_EXTREME_LEVEL,,True,REVIEW,LEVEL,,10,False,,False,False,True
LOT226-C0389,Vb_EXTREME_LEVEL,,True,REVIEW,LEVEL,FORECAST,10,True,plausible,False,False,True
LOT216-C0148,Vb_EXTREME_LEVEL,,True,REVIEW,LEVEL,FORECAST,11,False,,False,False,True
LOT198-C0223,Vb_EXTREME_LEVEL,,True,REVIEW,LEVEL,DRIFT_RATE,11,True,plausible,False,False,True
LOT234-C0207,Vb_EXTREME_LEVEL,,True,REVIEW,LEVEL,,10,False,,False,False,True
LOT202-C0151,Vb_EXTREME_LEVEL,,True,REVIEW,LEVEL,,10,True,plausible,False,False,True
LOT209-C0377,Vb_EXTREME_LEVEL,,True,REVIEW,LEVEL,,10,False,,False,False,True
LOT203-C0238,Vb_EXTREME_LEVEL,,True,REVIEW,LEVEL,,10,False,,False,False,True
LOT238-C0279,Vb_EXTREME_LEVEL,,True,REVIEW,LEVEL,FORECAST,11,False,,False,False,True
LOT238-C0260,Vb_EXTREME_LEVEL,,True,REVIEW,LEVEL,FORECAST,11,True,plausible,False,False,True
LOT214-C0050,Vb_EXTREME_LEVEL,,True,REVIEW,LEVEL,,11,False,,False,False,True
LOT234-C0241,Vb_EXTREME_LEVEL,,True,REVIEW,LEVEL,,10,False,,False,False,True
LOT202-C0452,Vb_EXTREME_LEVEL,,True,REVIEW,LEVEL,DRIFT_RATE,11,True,plausible,False,False,True
LOT221-C0015,Vb_EXTREME_LEVEL,,True,REVIEW,LEVEL,FORECAST,10,True,plausible,False,False,True
LOT232-C0231,Vb_EXTREME_LEVEL,,True,REVIEW,LEVEL,FORECAST,10,True,plausible,False,False,True
LOT216-C0155,Vb_EXTREME_LEVEL,,True,REVIEW,LEVEL,FORECAST,10,True,plausible,False,False,True
LOT207-C0389,Vb_EXTREME_LEVEL,,True,REVIEW,LEVEL,FORECAST,10,True,plausible,False,False,True
LOT217-C0329,Vb_EXTREME_LEVEL,,True,REVIEW,LEVEL,,10,False,,False,False,True
LOT210-C0253,Vb_EXTREME_LEVEL,,True,REVIEW,LEVEL,FORECAST,10,False,,False,False,True
LOT220-C0439,Vb_EXTREME_LEVEL,,True,REVIEW,LEVEL,,10,False,,False,False,True
LOT197-C0378,Vb_EXTREME_LEVEL,,True,REVIEW,LEVEL,FORECAST,10,True,plausible,False,False,True
LOT196-C0115,Vb_EXTREME_LEVEL,,True,REVIEW,LEVEL,,11,False,,False,False,True
LOT193-C0369,Vb_EXTREME_LEVEL,,True,REVIEW,LEVEL,FORECAST,10,True,plausible,False,False,True
LOT221-C0207,Vb_EXTREME_LEVEL,,True,REVIEW,LEVEL,FORECAST,10,True,plausible,False,False,True
LOT209-C0256,Vb_EXTREME_LEVEL,,True,REVIEW,JOINT,LEVEL,11,True,well-founded,False,False,True
LOT200-C0360,Vb_EXTREME_LEVEL,,True,REVIEW,LEVEL,FORECAST,10,False,,False,False,True
LOT231-C0426,Vb_EXTREME_LEVEL,,True,REVIEW,LEVEL,FORECAST,11,True,plausible,False,False,True
LOT229-C0054,Vb_EXTREME_LEVEL,,True,REVIEW,LEVEL,FORECAST,11,True,plausible,False,False,True
LOT211-C0107,Vb_EXTREME_LEVEL,,True,REVIEW,LEVEL,,11,False,,False,False,True
LOT221-C0150,Vb_EXTREME_LEVEL,,True,REVIEW,LEVEL,,10,False,,False,False,True
LOT196-C0005,Vb_EXTREME_LEVEL,,True,REVIEW,LEVEL,FORECAST,11,True,plausible,False,False,True
