defect_type,n,expected,primary_correct_%,primary_or_secondary_%,top_wrong_reason
I_STEEP_DRIFTER,60,DRIFT_RATE/FORECAST,100.0,100.0,
II_STEP_DEFECT,60,STEP,73.33333333333333,76.66666666666667,DRIFT_RATE
III_CENTRE_HIDER,1,JOINT,100.0,100.0,
IV_CORRELATION_BREAK,40,JOINT,95.0,100.0,SPATIAL
Vb_EXTREME_LEVEL,60,LEVEL,88.33333333333333,98.33333333333333,JOINT
VII_FIXTURE_ARTIFACT,60,SPATIAL,100.0,100.0,
GOOD,60,PASS,93.33333333333333,98.33333333333333,DATA_QUALITY
VI_LOT_SHIFT,60,PASS (trap),95.0,100.0,
Va_MILDLY_HIGH_STABLE,60,PASS (trap),55.00000000000001,81.66666666666667,LEVEL
