repeat,component_id,base,perturbed,changed
0,LOT040-C0409,NONE,NONE,False
0,LOT192-C0480,JOINT,JOINT,False
0,LOT218-C0413,JOINT,JOINT,False
0,LOT208-C0084,DRIFT_RATE,DRIFT_RATE,False
0,LOT207-C0174,NONE,NONE,False
0,LOT208-C0069,STEP,STEP,False
0,LOT239-C0266,LEVEL,LEVEL,False
0,LOT213-C0296,SPATIAL,SPATIAL,False
0,LOT232-C0328,SPATIAL,SPATIAL,False
0,LOT146-C0384,NONE,NONE,False
0,LOT211-C0221,JOINT,JOINT,False
0,LOT238-C0346,SPATIAL,SPATIAL,False
0,LOT049-C0484,DRIFT_RATE,NONE,True
0,LOT195-C0416,LEVEL,LEVEL,False
0,LOT232-C0308,NONE,NONE,False
0,LOT235-C0341,NONE,NONE,False
0,LOT194-C0158,DRIFT_RATE,DRIFT_RATE,False
0,LOT202-C0005,JOINT,LEVEL,True
0,LOT213-C0271,SPATIAL,SPATIAL,False
0,LOT203-C0238,LEVEL,LEVEL,False
0,LOT226-C0433,DRIFT_RATE,DRIFT_RATE,False
0,LOT232-C0238,NONE,NONE,False
0,LOT229-C0269,DRIFT_RATE,JOINT,True
0,LOT194-C0188,NONE,NONE,False
0,LOT054-C0428,NONE,NONE,False
0,LOT235-C0444,STEP,STEP,False
0,LOT217-C0000,NONE,NONE,False
0,LOT196-C0140,NONE,NONE,False
0,LOT210-C0154,NONE,NONE,False
0,LOT146-C0053,NONE,NONE,False
0,LOT146-C0198,NONE,NONE,False
0,LOT200-C0177,DRIFT_RATE,NONE,True
0,LOT205-C0385,DRIFT_RATE,DRIFT_RATE,False
0,LOT049-C0221,NONE,NONE,False
0,LOT054-C0405,LEVEL,NONE,True
0,LOT221-C0221,LEVEL,LEVEL,False
0,LOT203-C0458,DRIFT_RATE,DRIFT_RATE,False
0,LOT200-C0440,LEVEL,LEVEL,False
0,LOT209-C0256,JOINT,JOINT,False
0,LOT227-C0265,LEVEL,LEVEL,False
0,LOT207-C0485,DRIFT_RATE,DRIFT_RATE,False
0,LOT213-C0303,SPATIAL,SPATIAL,False
0,LOT054-C0252,NONE,DRIFT_RATE,True
0,LOT230-C0421,NONE,NONE,False
0,LOT213-C0294,SPATIAL,SPATIAL,False
0,LOT238-C0340,SPATIAL,SPATIAL,False
0,LOT115-C0011,JOINT,JOINT,False
0,LOT192-C0356,LEVEL,LEVEL,False
0,LOT192-C0396,NONE,NONE,False
0,LOT223-C0438,STEP,STEP,False
0,LOT210-C0106,STEP,STEP,False
0,LOT201-C0170,NONE,NONE,False
0,LOT221-C0207,LEVEL,LEVEL,False
0,LOT223-C0027,JOINT,JOINT,False
0,LOT213-C0158,LEVEL,LEVEL,False
0,LOT218-C0475,JOINT,JOINT,False
0,LOT232-C0365,SPATIAL,SPATIAL,False
0,LOT224-C0050,NONE,NONE,False
0,LOT212-C0099,LEVEL,LEVEL,False
0,LOT213-C0263,SPATIAL,SPATIAL,False
0,LOT215-C0262,JOINT,JOINT,False
0,LOT231-C0412,SPATIAL,SPATIAL,False
0,LOT054-C0204,DRIFT_RATE,DRIFT_RATE,False
0,LOT211-C0324,DRIFT_RATE,DRIFT_RATE,False
0,LOT223-C0035,NONE,DRIFT_RATE,True
0,LOT220-C0439,LEVEL,LEVEL,False
0,LOT198-C0336,NONE,NONE,False
0,LOT195-C0330,JOINT,LEVEL,True
0,LOT219-C0192,SPATIAL,SPATIAL,False
0,LOT146-C0197,LEVEL,LEVEL,False
0,LOT213-C0268,SPATIAL,SPATIAL,False
0,LOT221-C0362,NONE,NONE,False
0,LOT205-C0278,DRIFT_RATE,DRIFT_RATE,False
0,LOT195-C0070,STEP,STEP,False
0,LOT206-C0218,DRIFT_RATE,DRIFT_RATE,False
0,LOT199-C0153,LEVEL,LEVEL,False
0,LOT193-C0105,LEVEL,LEVEL,False
0,LOT210-C0252,STEP,STEP,False
0,LOT213-C0258,SPATIAL,SPATIAL,False
0,LOT196-C0005,LEVEL,LEVEL,False
0,LOT227-C0030,DRIFT_RATE,DRIFT_RATE,False
0,LOT228-C0291,NONE,NONE,False
0,LOT222-C0242,LEVEL,LEVEL,False
0,LOT213-C0315,SPATIAL,SPATIAL,False
0,LOT207-C0389,LEVEL,LEVEL,False
0,LOT213-C0246,NONE,NONE,False
0,LOT231-C0431,SPATIAL,SPATIAL,False
0,LOT040-C0066,NONE,NONE,False
0,LOT221-C0253,DRIFT_RATE,DRIFT_RATE,False
0,LOT194-C0065,NONE,NONE,False
0,LOT217-C0026,DRIFT_RATE,DRIFT_RATE,False
0,LOT221-C0298,STEP,STEP,False
0,LOT049-C0461,DRIFT_RATE,DRIFT_RATE,False
0,LOT236-C0492,STEP,STEP,False
0,LOT219-C0204,SPATIAL,SPATIAL,False
0,LOT237-C0335,JOINT,JOINT,False
0,LOT214-C0071,JOINT,JOINT,False
0,LOT238-C0449,DRIFT_RATE,JOINT,True
0,LOT218-C0408,NONE,NONE,False
0,LOT215-C0046,NONE,NONE,False
0,LOT202-C0222,STEP,STEP,False
0,LOT195-C0298,NONE,DRIFT_RATE,True
0,LOT233-C0137,NONE,NONE,False
0,LOT222-C0329,JOINT,JOINT,False
0,LOT193-C0249,DRIFT_RATE,DRIFT_RATE,False
0,LOT193-C0301,NONE,NONE,False
0,LOT213-C0033,NONE,NONE,False
0,LOT213-C0278,SPATIAL,SPATIAL,False
0,LOT084-C0387,NONE,NONE,False
0,LOT213-C0259,SPATIAL,SPATIAL,False
0,LOT228-C0293,NONE,DRIFT_RATE,True
0,LOT238-C0349,SPATIAL,SPATIAL,False
0,LOT226-C0456,NONE,NONE,False
0,LOT197-C0171,JOINT,JOINT,False
0,LOT216-C0250,NONE,NONE,False
0,LOT211-C0440,JOINT,JOINT,False
0,LOT212-C0086,NONE,NONE,False
0,LOT195-C0308,JOINT,JOINT,False
0,LOT196-C0428,NONE,NONE,False
0,LOT192-C0065,DATA_QUALITY,DATA_QUALITY,False
1,LOT040-C0409,NONE,NONE,False
1,LOT192-C0480,JOINT,JOINT,False
1,LOT218-C0413,JOINT,JOINT,False
1,LOT208-C0084,DRIFT_RATE,DRIFT_RATE,False
1,LOT207-C0174,NONE,NONE,False
1,LOT208-C0069,STEP,STEP,False
1,LOT239-C0266,LEVEL,LEVEL,False
1,LOT213-C0296,SPATIAL,SPATIAL,False
1,LOT232-C0328,SPATIAL,SPATIAL,False
1,LOT146-C0384,NONE,NONE,False
1,LOT211-C0221,JOINT,JOINT,False
1,LOT238-C0346,SPATIAL,SPATIAL,False
1,LOT049-C0484,DRIFT_RATE,NONE,True
1,LOT195-C0416,LEVEL,LEVEL,False
1,LOT232-C0308,NONE,NONE,False
1,LOT235-C0341,NONE,NONE,False
1,LOT194-C0158,DRIFT_RATE,DRIFT_RATE,False
1,LOT202-C0005,JOINT,JOINT,False
1,LOT213-C0271,SPATIAL,SPATIAL,False
1,LOT203-C0238,LEVEL,LEVEL,False
1,LOT226-C0433,DRIFT_RATE,DRIFT_RATE,False
1,LOT232-C0238,NONE,NONE,False
1,LOT229-C0269,DRIFT_RATE,JOINT,True
1,LOT194-C0188,NONE,NONE,False
1,LOT054-C0428,NONE,DRIFT_RATE,True
1,LOT235-C0444,STEP,STEP,False
1,LOT217-C0000,NONE,NONE,False
1,LOT196-C0140,NONE,NONE,False
1,LOT210-C0154,NONE,JOINT,True
1,LOT146-C0053,NONE,NONE,False
1,LOT146-C0198,NONE,NONE,False
1,LOT200-C0177,DRIFT_RATE,DRIFT_RATE,False
1,LOT205-C0385,DRIFT_RATE,DRIFT_RATE,False
1,LOT049-C0221,NONE,NONE,False
1,LOT054-C0405,LEVEL,NONE,True
1,LOT221-C0221,LEVEL,LEVEL,False
1,LOT203-C0458,DRIFT_RATE,DRIFT_RATE,False
1,LOT200-C0440,LEVEL,LEVEL,False
1,LOT209-C0256,JOINT,JOINT,False
1,LOT227-C0265,LEVEL,LEVEL,False
1,LOT207-C0485,DRIFT_RATE,DRIFT_RATE,False
1,LOT213-C0303,SPATIAL,SPATIAL,False
1,LOT054-C0252,NONE,NONE,False
1,LOT230-C0421,NONE,NONE,False
1,LOT213-C0294,SPATIAL,SPATIAL,False
1,LOT238-C0340,SPATIAL,SPATIAL,False
1,LOT115-C0011,JOINT,JOINT,False
1,LOT192-C0356,LEVEL,LEVEL,False
1,LOT192-C0396,NONE,NONE,False
1,LOT223-C0438,STEP,STEP,False
1,LOT210-C0106,STEP,STEP,False
1,LOT201-C0170,NONE,NONE,False
1,LOT221-C0207,LEVEL,LEVEL,False
1,LOT223-C0027,JOINT,JOINT,False
1,LOT213-C0158,LEVEL,LEVEL,False
1,LOT218-C0475,JOINT,JOINT,False
1,LOT232-C0365,SPATIAL,SPATIAL,False
1,LOT224-C0050,NONE,NONE,False
1,LOT212-C0099,LEVEL,LEVEL,False
1,LOT213-C0263,SPATIAL,SPATIAL,False
1,LOT215-C0262,JOINT,JOINT,False
1,LOT231-C0412,SPATIAL,SPATIAL,False
1,LOT054-C0204,DRIFT_RATE,DRIFT_RATE,False
1,LOT211-C0324,DRIFT_RATE,DRIFT_RATE,False
1,LOT223-C0035,NONE,DRIFT_RATE,True
1,LOT220-C0439,LEVEL,LEVEL,False
1,LOT198-C0336,NONE,NONE,False
1,LOT195-C0330,JOINT,JOINT,False
1,LOT219-C0192,SPATIAL,SPATIAL,False
1,LOT146-C0197,LEVEL,LEVEL,False
1,LOT213-C0268,SPATIAL,SPATIAL,False
1,LOT221-C0362,NONE,NONE,False
1,LOT205-C0278,DRIFT_RATE,DRIFT_RATE,False
1,LOT195-C0070,STEP,STEP,False
1,LOT206-C0218,DRIFT_RATE,DRIFT_RATE,False
1,LOT199-C0153,LEVEL,LEVEL,False
1,LOT193-C0105,LEVEL,JOINT,True
1,LOT210-C0252,STEP,STEP,False
1,LOT213-C0258,SPATIAL,SPATIAL,False
1,LOT196-C0005,LEVEL,LEVEL,False
1,LOT227-C0030,DRIFT_RATE,DRIFT_RATE,False
1,LOT228-C0291,NONE,NONE,False
1,LOT222-C0242,LEVEL,LEVEL,False
1,LOT213-C0315,SPATIAL,SPATIAL,False
1,LOT207-C0389,LEVEL,LEVEL,False
1,LOT213-C0246,NONE,NONE,False
1,LOT231-C0431,SPATIAL,SPATIAL,False
1,LOT040-C0066,NONE,NONE,False
1,LOT221-C0253,DRIFT_RATE,DRIFT_RATE,False
1,LOT194-C0065,NONE,NONE,False
1,LOT217-C0026,DRIFT_RATE,DRIFT_RATE,False
1,LOT221-C0298,STEP,STEP,False
1,LOT049-C0461,DRIFT_RATE,DRIFT_RATE,False
1,LOT236-C0492,STEP,STEP,False
1,LOT219-C0204,SPATIAL,SPATIAL,False
1,LOT237-C0335,JOINT,JOINT,False
1,LOT214-C0071,JOINT,JOINT,False
1,LOT238-C0449,DRIFT_RATE,DRIFT_RATE,False
1,LOT218-C0408,NONE,NONE,False
1,LOT215-C0046,NONE,NONE,False
1,LOT202-C0222,STEP,STEP,False
1,LOT195-C0298,NONE,NONE,False
1,LOT233-C0137,NONE,NONE,False
1,LOT222-C0329,JOINT,JOINT,False
1,LOT193-C0249,DRIFT_RATE,DRIFT_RATE,False
1,LOT193-C0301,NONE,NONE,False
1,LOT213-C0033,NONE,NONE,False
1,LOT213-C0278,SPATIAL,SPATIAL,False
1,LOT084-C0387,NONE,NONE,False
1,LOT213-C0259,SPATIAL,SPATIAL,False
1,LOT228-C0293,NONE,NONE,False
1,LOT238-C0349,SPATIAL,SPATIAL,False
1,LOT226-C0456,NONE,NONE,False
1,LOT197-C0171,JOINT,JOINT,False
1,LOT216-C0250,NONE,NONE,False
1,LOT211-C0440,JOINT,JOINT,False
1,LOT212-C0086,NONE,NONE,False
1,LOT195-C0308,JOINT,JOINT,False
1,LOT196-C0428,NONE,JOINT,True
1,LOT192-C0065,DATA_QUALITY,DATA_QUALITY,False
2,LOT040-C0409,NONE,NONE,False
2,LOT192-C0480,JOINT,JOINT,False
2,LOT218-C0413,JOINT,JOINT,False
2,LOT208-C0084,DRIFT_RATE,DRIFT_RATE,False
2,LOT207-C0174,NONE,NONE,False
2,LOT208-C0069,STEP,STEP,False
2,LOT239-C0266,LEVEL,LEVEL,False
2,LOT213-C0296,SPATIAL,SPATIAL,False
2,LOT232-C0328,SPATIAL,SPATIAL,False
2,LOT146-C0384,NONE,NONE,False
2,LOT211-C0221,JOINT,JOINT,False
2,LOT238-C0346,SPATIAL,SPATIAL,False
2,LOT049-C0484,DRIFT_RATE,NONE,True
2,LOT195-C0416,LEVEL,LEVEL,False
2,LOT232-C0308,NONE,DRIFT_RATE,True
2,LOT235-C0341,NONE,NONE,False
2,LOT194-C0158,DRIFT_RATE,DRIFT_RATE,False
2,LOT202-C0005,JOINT,JOINT,False
2,LOT213-C0271,SPATIAL,SPATIAL,False
2,LOT203-C0238,LEVEL,LEVEL,False
2,LOT226-C0433,DRIFT_RATE,DRIFT_RATE,False
2,LOT232-C0238,NONE,NONE,False
2,LOT229-C0269,DRIFT_RATE,JOINT,True
2,LOT194-C0188,NONE,NONE,False
2,LOT054-C0428,NONE,NONE,False
2,LOT235-C0444,STEP,STEP,False
2,LOT217-C0000,NONE,NONE,False
2,LOT196-C0140,NONE,NONE,False
2,LOT210-C0154,NONE,JOINT,True
2,LOT146-C0053,NONE,NONE,False
2,LOT146-C0198,NONE,NONE,False
2,LOT200-C0177,DRIFT_RATE,DRIFT_RATE,False
2,LOT205-C0385,DRIFT_RATE,DRIFT_RATE,False
2,LOT049-C0221,NONE,NONE,False
2,LOT054-C0405,LEVEL,NONE,True
2,LOT221-C0221,LEVEL,LEVEL,False
2,LOT203-C0458,DRIFT_RATE,DRIFT_RATE,False
2,LOT200-C0440,LEVEL,LEVEL,False
2,LOT209-C0256,JOINT,JOINT,False
2,LOT227-C0265,LEVEL,LEVEL,False
2,LOT207-C0485,DRIFT_RATE,DRIFT_RATE,False
2,LOT213-C0303,SPATIAL,SPATIAL,False
2,LOT054-C0252,NONE,NONE,False
2,LOT230-C0421,NONE,NONE,False
2,LOT213-C0294,SPATIAL,SPATIAL,False
2,LOT238-C0340,SPATIAL,SPATIAL,False
2,LOT115-C0011,JOINT,JOINT,False
2,LOT192-C0356,LEVEL,LEVEL,False
2,LOT192-C0396,NONE,NONE,False
2,LOT223-C0438,STEP,STEP,False
2,LOT210-C0106,STEP,STEP,False
2,LOT201-C0170,NONE,DRIFT_RATE,True
2,LOT221-C0207,LEVEL,LEVEL,False
2,LOT223-C0027,JOINT,JOINT,False
2,LOT213-C0158,LEVEL,LEVEL,False
2,LOT218-C0475,JOINT,JOINT,False
2,LOT232-C0365,SPATIAL,SPATIAL,False
2,LOT224-C0050,NONE,NONE,False
2,LOT212-C0099,LEVEL,LEVEL,False
2,LOT213-C0263,SPATIAL,SPATIAL,False
2,LOT215-C0262,JOINT,JOINT,False
2,LOT231-C0412,SPATIAL,SPATIAL,False
2,LOT054-C0204,DRIFT_RATE,NONE,True
2,LOT211-C0324,DRIFT_RATE,DRIFT_RATE,False
2,LOT223-C0035,NONE,NONE,False
2,LOT220-C0439,LEVEL,LEVEL,False
2,LOT198-C0336,NONE,NONE,False
2,LOT195-C0330,JOINT,JOINT,False
2,LOT219-C0192,SPATIAL,SPATIAL,False
2,LOT146-C0197,LEVEL,NONE,True
2,LOT213-C0268,SPATIAL,SPATIAL,False
2,LOT221-C0362,NONE,NONE,False
2,LOT205-C0278,DRIFT_RATE,DRIFT_RATE,False
2,LOT195-C0070,STEP,STEP,False
2,LOT206-C0218,DRIFT_RATE,DRIFT_RATE,False
2,LOT199-C0153,LEVEL,LEVEL,False
2,LOT193-C0105,LEVEL,JOINT,True
2,LOT210-C0252,STEP,STEP,False
2,LOT213-C0258,SPATIAL,SPATIAL,False
2,LOT196-C0005,LEVEL,LEVEL,False
2,LOT227-C0030,DRIFT_RATE,DRIFT_RATE,False
2,LOT228-C0291,NONE,NONE,False
2,LOT222-C0242,LEVEL,LEVEL,False
2,LOT213-C0315,SPATIAL,SPATIAL,False
2,LOT207-C0389,LEVEL,LEVEL,False
2,LOT213-C0246,NONE,NONE,False
2,LOT231-C0431,SPATIAL,SPATIAL,False
2,LOT040-C0066,NONE,NONE,False
2,LOT221-C0253,DRIFT_RATE,DRIFT_RATE,False
2,LOT194-C0065,NONE,NONE,False
2,LOT217-C0026,DRIFT_RATE,DRIFT_RATE,False
2,LOT221-C0298,STEP,STEP,False
2,LOT049-C0461,DRIFT_RATE,NONE,True
2,LOT236-C0492,STEP,STEP,False
2,LOT219-C0204,SPATIAL,SPATIAL,False
2,LOT237-C0335,JOINT,JOINT,False
2,LOT214-C0071,JOINT,JOINT,False
2,LOT238-C0449,DRIFT_RATE,DRIFT_RATE,False
2,LOT218-C0408,NONE,DRIFT_RATE,True
2,LOT215-C0046,NONE,NONE,False
2,LOT202-C0222,STEP,STEP,False
2,LOT195-C0298,NONE,NONE,False
2,LOT233-C0137,NONE,DRIFT_RATE,True
2,LOT222-C0329,JOINT,JOINT,False
2,LOT193-C0249,DRIFT_RATE,DRIFT_RATE,False
2,LOT193-C0301,NONE,NONE,False
2,LOT213-C0033,NONE,NONE,False
2,LOT213-C0278,SPATIAL,SPATIAL,False
2,LOT084-C0387,NONE,NONE,False
2,LOT213-C0259,SPATIAL,SPATIAL,False
2,LOT228-C0293,NONE,NONE,False
2,LOT238-C0349,SPATIAL,SPATIAL,False
2,LOT226-C0456,NONE,NONE,False
2,LOT197-C0171,JOINT,JOINT,False
2,LOT216-C0250,NONE,NONE,False
2,LOT211-C0440,JOINT,JOINT,False
2,LOT212-C0086,NONE,NONE,False
2,LOT195-C0308,JOINT,JOINT,False
2,LOT196-C0428,NONE,NONE,False
2,LOT192-C0065,DATA_QUALITY,DATA_QUALITY,False
3,LOT040-C0409,NONE,NONE,False
3,LOT192-C0480,JOINT,JOINT,False
3,LOT218-C0413,JOINT,JOINT,False
3,LOT208-C0084,DRIFT_RATE,DRIFT_RATE,False
3,LOT207-C0174,NONE,NONE,False
3,LOT208-C0069,STEP,STEP,False
3,LOT239-C0266,LEVEL,LEVEL,False
3,LOT213-C0296,SPATIAL,SPATIAL,False
3,LOT232-C0328,SPATIAL,SPATIAL,False
3,LOT146-C0384,NONE,NONE,False
3,LOT211-C0221,JOINT,JOINT,False
3,LOT238-C0346,SPATIAL,SPATIAL,False
3,LOT049-C0484,DRIFT_RATE,NONE,True
3,LOT195-C0416,LEVEL,LEVEL,False
3,LOT232-C0308,NONE,NONE,False
3,LOT235-C0341,NONE,NONE,False
3,LOT194-C0158,DRIFT_RATE,DRIFT_RATE,False
3,LOT202-C0005,JOINT,JOINT,False
3,LOT213-C0271,SPATIAL,SPATIAL,False
3,LOT203-C0238,LEVEL,LEVEL,False
3,LOT226-C0433,DRIFT_RATE,DRIFT_RATE,False
3,LOT232-C0238,NONE,NONE,False
3,LOT229-C0269,DRIFT_RATE,JOINT,True
3,LOT194-C0188,NONE,NONE,False
3,LOT054-C0428,NONE,NONE,False
3,LOT235-C0444,STEP,STEP,False
3,LOT217-C0000,NONE,NONE,False
3,LOT196-C0140,NONE,NONE,False
3,LOT210-C0154,NONE,JOINT,True
3,LOT146-C0053,NONE,NONE,False
3,LOT146-C0198,NONE,NONE,False
3,LOT200-C0177,DRIFT_RATE,NONE,True
3,LOT205-C0385,DRIFT_RATE,DRIFT_RATE,False
3,LOT049-C0221,NONE,NONE,False
3,LOT054-C0405,LEVEL,LEVEL,False
3,LOT221-C0221,LEVEL,LEVEL,False
3,LOT203-C0458,DRIFT_RATE,DRIFT_RATE,False
3,LOT200-C0440,LEVEL,LEVEL,False
3,LOT209-C0256,JOINT,JOINT,False
3,LOT227-C0265,LEVEL,LEVEL,False
3,LOT207-C0485,DRIFT_RATE,JOINT,True
3,LOT213-C0303,SPATIAL,SPATIAL,False
3,LOT054-C0252,NONE,NONE,False
3,LOT230-C0421,NONE,NONE,False
3,LOT213-C0294,SPATIAL,SPATIAL,False
3,LOT238-C0340,SPATIAL,SPATIAL,False
3,LOT115-C0011,JOINT,JOINT,False
3,LOT192-C0356,LEVEL,LEVEL,False
3,LOT192-C0396,NONE,NONE,False
3,LOT223-C0438,STEP,STEP,False
3,LOT210-C0106,STEP,STEP,False
3,LOT201-C0170,NONE,NONE,False
3,LOT221-C0207,LEVEL,LEVEL,False
3,LOT223-C0027,JOINT,JOINT,False
3,LOT213-C0158,LEVEL,LEVEL,False
3,LOT218-C0475,JOINT,JOINT,False
3,LOT232-C0365,SPATIAL,SPATIAL,False
3,LOT224-C0050,NONE,NONE,False
3,LOT212-C0099,LEVEL,LEVEL,False
3,LOT213-C0263,SPATIAL,SPATIAL,False
3,LOT215-C0262,JOINT,JOINT,False
3,LOT231-C0412,SPATIAL,SPATIAL,False
3,LOT054-C0204,DRIFT_RATE,DRIFT_RATE,False
3,LOT211-C0324,DRIFT_RATE,DRIFT_RATE,False
3,LOT223-C0035,NONE,NONE,False
3,LOT220-C0439,LEVEL,LEVEL,False
3,LOT198-C0336,NONE,NONE,False
3,LOT195-C0330,JOINT,JOINT,False
3,LOT219-C0192,SPATIAL,SPATIAL,False
3,LOT146-C0197,LEVEL,NONE,True
3,LOT213-C0268,SPATIAL,SPATIAL,False
3,LOT221-C0362,NONE,NONE,False
3,LOT205-C0278,DRIFT_RATE,DRIFT_RATE,False
3,LOT195-C0070,STEP,STEP,False
3,LOT206-C0218,DRIFT_RATE,DRIFT_RATE,False
3,LOT199-C0153,LEVEL,LEVEL,False
3,LOT193-C0105,LEVEL,DRIFT_RATE,True
3,LOT210-C0252,STEP,STEP,False
3,LOT213-C0258,SPATIAL,SPATIAL,False
3,LOT196-C0005,LEVEL,LEVEL,False
3,LOT227-C0030,DRIFT_RATE,DRIFT_RATE,False
3,LOT228-C0291,NONE,NONE,False
3,LOT222-C0242,LEVEL,LEVEL,False
3,LOT213-C0315,SPATIAL,SPATIAL,False
3,LOT207-C0389,LEVEL,LEVEL,False
3,LOT213-C0246,NONE,NONE,False
3,LOT231-C0431,SPATIAL,SPATIAL,False
3,LOT040-C0066,NONE,NONE,False
3,LOT221-C0253,DRIFT_RATE,NONE,True
3,LOT194-C0065,NONE,NONE,False
3,LOT217-C0026,DRIFT_RATE,DRIFT_RATE,False
3,LOT221-C0298,STEP,STEP,False
3,LOT049-C0461,DRIFT_RATE,NONE,True
3,LOT236-C0492,STEP,STEP,False
3,LOT219-C0204,SPATIAL,SPATIAL,False
3,LOT237-C0335,JOINT,JOINT,False
3,LOT214-C0071,JOINT,JOINT,False
3,LOT238-C0449,DRIFT_RATE,DRIFT_RATE,False
3,LOT218-C0408,NONE,NONE,False
3,LOT215-C0046,NONE,NONE,False
3,LOT202-C0222,STEP,STEP,False
3,LOT195-C0298,NONE,NONE,False
3,LOT233-C0137,NONE,DRIFT_RATE,True
3,LOT222-C0329,JOINT,JOINT,False
3,LOT193-C0249,DRIFT_RATE,DRIFT_RATE,False
3,LOT193-C0301,NONE,NONE,False
3,LOT213-C0033,NONE,NONE,False
3,LOT213-C0278,SPATIAL,SPATIAL,False
3,LOT084-C0387,NONE,NONE,False
3,LOT213-C0259,SPATIAL,SPATIAL,False
3,LOT228-C0293,NONE,NONE,False
3,LOT238-C0349,SPATIAL,SPATIAL,False
3,LOT226-C0456,NONE,NONE,False
3,LOT197-C0171,JOINT,JOINT,False
3,LOT216-C0250,NONE,NONE,False
3,LOT211-C0440,JOINT,JOINT,False
3,LOT212-C0086,NONE,NONE,False
3,LOT195-C0308,JOINT,JOINT,False
3,LOT196-C0428,NONE,NONE,False
3,LOT192-C0065,DATA_QUALITY,DATA_QUALITY,False
