lot,method,recall,PR_AUC
LOT003,L1_dynamic_MAD,33.33333333333333,0.12577619791864753
LOT003,L3a_MCD,66.66666666666666,0.3727018744671018
LOT003,L4d_AutoEnc,88.88888888888889,0.8810680967543714
LOT009,L1_dynamic_MAD,66.66666666666666,0.38568806622930335
LOT009,L3a_MCD,66.66666666666666,0.27327189599966
LOT009,L4d_AutoEnc,100.0,0.8020833333333334
LOT017,L1_dynamic_MAD,71.42857142857143,0.30931733256682953
LOT017,L3a_MCD,57.14285714285714,0.477082233853373
LOT017,L4d_AutoEnc,85.71428571428571,0.8775510204081631
LOT041,L1_dynamic_MAD,50.0,0.2966317586457859
LOT041,L3a_MCD,60.0,0.3741777399312153
LOT041,L4d_AutoEnc,100.0,0.8944827586206897
LOT063,L1_dynamic_MAD,44.44444444444444,0.14110072335357213
LOT063,L3a_MCD,66.66666666666666,0.37665132604376206
LOT063,L4d_AutoEnc,77.77777777777779,0.6025168767784801
LOT072,L1_dynamic_MAD,62.5,0.25943876255839726
LOT072,L3a_MCD,75.0,0.2929472034283018
LOT072,L4d_AutoEnc,87.5,0.8203815261044177
LOT119,L1_dynamic_MAD,72.72727272727273,0.17818548005745385
LOT119,L3a_MCD,63.63636363636363,0.4431428637677918
LOT119,L4d_AutoEnc,100.0,0.9924242424242424
LOT147,L1_dynamic_MAD,80.0,0.33583141762452107
LOT147,L3a_MCD,60.0,0.27881673881673885
LOT147,L4d_AutoEnc,100.0,0.8528571428571428
LOT195,L1_dynamic_MAD,60.0,0.3656279809220985
LOT195,L3a_MCD,80.0,0.6294372294372295
LOT195,L4d_AutoEnc,100.0,0.8833333333333333
LOT196,L1_dynamic_MAD,71.42857142857143,0.6326734207020479
LOT196,L3a_MCD,71.42857142857143,0.6512184052506632
LOT196,L4d_AutoEnc,100.0,0.9682539682539681
