parameter,defect_type,severity,n,MAE
iddq_ua,GOOD,(all),23085,0.47476266226894837
iddq_ua,III_CENTRE_HIDER,(all),8,0.31704681386429134
iddq_ua,III_CENTRE_HIDER,severe,2,0.36361598588155575
iddq_ua,III_CENTRE_HIDER,moderate,4,0.30002358161718323
iddq_ua,III_CENTRE_HIDER,mild,2,0.30452410634124316
iddq_ua,II_STEP_DEFECT,(all),124,11.513385080390456
iddq_ua,IV_CORRELATION_BREAK,(all),73,0.42125603777562515
iddq_ua,IV_CORRELATION_BREAK,severe,28,0.36463955227239
iddq_ua,IV_CORRELATION_BREAK,moderate,17,0.4001366913139819
iddq_ua,IV_CORRELATION_BREAK,mild,28,0.49069498363057235
iddq_ua,I_STEEP_DRIFTER,(all),155,11.499703195934542
iddq_ua,VII_FIXTURE_ARTIFACT,(all),128,1.1077878965358194
iddq_ua,Va_MILDLY_HIGH_STABLE,(all),360,0.6509955019105104
iddq_ua,Vb_EXTREME_LEVEL,(all),67,1.0044949869050341
leakage_na,GOOD,(all),23085,1.093433066729282
leakage_na,III_CENTRE_HIDER,(all),8,0.5958491956633223
leakage_na,III_CENTRE_HIDER,severe,2,0.191670399357335
leakage_na,III_CENTRE_HIDER,moderate,4,0.5508672989152448
leakage_na,III_CENTRE_HIDER,mild,2,1.0899917854654646
leakage_na,II_STEP_DEFECT,(all),124,18.455596488104213
leakage_na,IV_CORRELATION_BREAK,(all),73,1.0621458978597906
leakage_na,IV_CORRELATION_BREAK,severe,28,1.119621691630456
leakage_na,IV_CORRELATION_BREAK,moderate,17,1.063851293360341
leakage_na,IV_CORRELATION_BREAK,mild,28,1.0036346853923626
leakage_na,I_STEEP_DRIFTER,(all),155,15.766307475742803
leakage_na,VII_FIXTURE_ARTIFACT,(all),128,2.9840004342806887
leakage_na,Va_MILDLY_HIGH_STABLE,(all),360,1.5123218604634552
leakage_na,Vb_EXTREME_LEVEL,(all),67,2.3359750191524986
prop_delay_ns,GOOD,(all),23085,0.060785533432948305
prop_delay_ns,III_CENTRE_HIDER,(all),8,0.03054832638586269
prop_delay_ns,III_CENTRE_HIDER,severe,2,0.029370360437691367
prop_delay_ns,III_CENTRE_HIDER,moderate,4,0.037576170287830335
prop_delay_ns,III_CENTRE_HIDER,mild,2,0.01767060453009872
prop_delay_ns,II_STEP_DEFECT,(all),124,0.5674632157675822
prop_delay_ns,IV_CORRELATION_BREAK,(all),73,0.06361227282103865
prop_delay_ns,IV_CORRELATION_BREAK,severe,28,0.057442441034312904
prop_delay_ns,IV_CORRELATION_BREAK,moderate,17,0.08598499553148171
prop_delay_ns,IV_CORRELATION_BREAK,mild,28,0.05619866581928111
prop_delay_ns,I_STEEP_DRIFTER,(all),155,0.5380356039215725
prop_delay_ns,VII_FIXTURE_ARTIFACT,(all),128,0.13543000336084093
prop_delay_ns,Va_MILDLY_HIGH_STABLE,(all),360,0.08929431907524532
prop_delay_ns,Vb_EXTREME_LEVEL,(all),67,0.10080807930858737
supply_current_ma,GOOD,(all),23085,0.6151050207543319
supply_current_ma,III_CENTRE_HIDER,(all),8,0.34380423693014617
supply_current_ma,III_CENTRE_HIDER,severe,2,0.2477425975552059
supply_current_ma,III_CENTRE_HIDER,moderate,4,0.29744289855849537
supply_current_ma,III_CENTRE_HIDER,mild,2,0.532588553048388
supply_current_ma,II_STEP_DEFECT,(all),124,4.301118185744713
supply_current_ma,IV_CORRELATION_BREAK,(all),73,0.593109353935757
supply_current_ma,IV_CORRELATION_BREAK,severe,28,0.5920048154074983
supply_current_ma,IV_CORRELATION_BREAK,moderate,17,0.5705737977057448
supply_current_ma,IV_CORRELATION_BREAK,mild,28,0.6078961944608091
supply_current_ma,I_STEEP_DRIFTER,(all),155,6.3660678509743
supply_current_ma,VII_FIXTURE_ARTIFACT,(all),128,0.7984224186096378
supply_current_ma,Va_MILDLY_HIGH_STABLE,(all),360,0.923432199607861
supply_current_ma,Vb_EXTREME_LEVEL,(all),67,0.7548867819222258
vth_shift_mv,GOOD,(all),23085,0.7747493319311566
vth_shift_mv,III_CENTRE_HIDER,(all),8,0.5032743823328165
vth_shift_mv,III_CENTRE_HIDER,severe,2,0.7999408102245944
vth_shift_mv,III_CENTRE_HIDER,moderate,4,0.4632000134928862
vth_shift_mv,III_CENTRE_HIDER,mild,2,0.2867566921208995
vth_shift_mv,II_STEP_DEFECT,(all),124,5.775346029178221
vth_shift_mv,IV_CORRELATION_BREAK,(all),73,0.6446320220960523
vth_shift_mv,IV_CORRELATION_BREAK,severe,28,0.5723995938575932
vth_shift_mv,IV_CORRELATION_BREAK,moderate,17,0.7374337089493425
vth_shift_mv,IV_CORRELATION_BREAK,mild,28,0.6605205690307282
vth_shift_mv,I_STEEP_DRIFTER,(all),155,5.922267812301927
vth_shift_mv,VII_FIXTURE_ARTIFACT,(all),128,0.9446200264357064
vth_shift_mv,Va_MILDLY_HIGH_STABLE,(all),360,1.0658560661756402
vth_shift_mv,Vb_EXTREME_LEVEL,(all),67,1.815049800475438
