mode,parameter,model,MAE,RMSE,medAE,bias,MAE_good,MAE_defective,beta,upper95_coverage,mean_upper_width,MAE_censored_survfit,MAE_censored_censfit,bias_on_censored_survfit,n_censored_test,limit_hi
early,iddq_ua,1_linear_slope,2.868447557952519,4.21828972213344,2.2894000000000005,1.5556980969775704,2.765407960293723,8.546484403178477,,,,,,,,
early,iddq_ua,2_power_law,1.1674831589733,2.526056562898098,0.8727825162956524,-0.11700951643839676,1.0557204936875568,7.32620801652256,0.6091125140639798,,,,,,,
early,iddq_ua,3_huber,0.6044496573566618,2.4211336642094015,0.3803069148459546,-0.1650244023360364,0.47006473501006885,8.023315639736603,,,,,,,,
early,iddq_ua,4_gbm_mae,0.6086595903977718,2.3319723121299907,0.3928330415881609,-0.14519300581303646,0.4794209519787529,7.743419364288948,,,,,,,,
early,iddq_ua,5a_lgbm_q95,0.6086595903977718,2.3319723121299907,0.3928330415881609,-0.14519300581303646,0.4794209519787529,7.743419364288948,,0.9337083333333334,1.0326660847364513,,,,,
early,iddq_ua,5b_quantile_forest,0.6063548067987575,2.358160183534428,0.39217499999999994,-0.17444492044618115,0.47437861488506844,7.892244202539722,,0.9400416666666667,1.143624240416666,,,,,
early,iddq_ua,SURVIVORSHIP,0.6086595903977718,,,,,,,,,30.931776871686772,30.361867694271062,-30.82345508425443,88.0,50.0
early,leakage_na,1_linear_slope,6.929838023956203,9.632082577698196,5.677599999999995,4.618498006743164,6.7572447754812295,16.440655674111106,,,,,,,,
early,leakage_na,2_power_law,2.378544436602842,4.4406352885523495,1.8622425569006325,-0.15236578490200758,2.2232077613912717,10.938431948846985,0.5738331586861263,,,,,,,
early,leakage_na,3_huber,1.3102710910894482,4.200644226339996,0.8984988115508745,-0.32180129483020936,1.105266175512605,12.627790704421834,,,,,,,,
early,leakage_na,4_gbm_mae,1.2959475543488295,3.9164316095074874,0.9118555364921939,-0.2742053339567861,1.108906756359046,11.62173849348972,,,,,,,,
early,leakage_na,5a_lgbm_q95,1.2959475543488295,3.9164316095074874,0.9118555364921939,-0.2742053339567861,1.108906756359046,11.62173849348972,,0.9282916666666666,2.392735853621007,,,,,
early,leakage_na,5b_quantile_forest,1.3132101781327838,4.021101620932458,0.9205000000000023,-0.31615084801891724,1.1171361282032257,12.137691627756844,,0.9359583333333333,2.604695106458332,,,,,
early,leakage_na,SURVIVORSHIP,1.2959475543488295,,,,,,,,,41.01189287503576,39.50646044128618,-40.50054482459858,88.0,100.0
early,prop_delay_ns,1_linear_slope,0.3130021615003543,0.41127291069904515,0.2601000000000049,0.16590303368615567,0.3063815127580604,0.6778355687747741,,,,,,,,
early,prop_delay_ns,2_power_law,0.14690682554267281,0.20747855418508282,0.11983099965769028,-0.0023016332606636664,0.1420630256634815,0.41382628961145845,0.6926218680517429,,,,,,,
early,prop_delay_ns,3_huber,0.06841736577589827,0.1434095583734562,0.05058780127615625,-0.007474549710489478,0.06139545219280298,0.4560697519452315,,,,,,,,
early,prop_delay_ns,4_gbm_mae,0.06754042661583926,0.13395088168962227,0.05083150517467061,-0.0034651218378026626,0.061580293886214235,0.39657604449745654,,,,,,,,
early,prop_delay_ns,5a_lgbm_q95,0.06754042661583926,0.13395088168962227,0.05083150517467061,-0.0034651218378026626,0.061580293886214235,0.39657604449745654,,0.9462083333333333,0.13715562652847502,,,,,
early,prop_delay_ns,5b_quantile_forest,0.06800138061785925,0.1379526407533515,0.05117500000000019,-0.005598780082532039,0.06170496950305701,0.4156016129579838,,0.9538333333333333,0.1531854181249999,,,,,
early,prop_delay_ns,SURVIVORSHIP,0.06754042661583926,,,,,,,,,1.1740285223498221,1.0977524211229144,-1.1449552995849612,88.0,10.0
early,supply_current_ma,1_linear_slope,3.3288542606413642,4.298845739112597,2.787200000000013,2.1402032379614577,3.285646634133345,5.709827215521231,,,,,,,,
early,supply_current_ma,2_power_law,1.3587251726114828,1.8866729628073673,1.106903942710595,0.004919696256266999,1.3224969080320508,3.355097691473404,0.6580053237728571,,,,,,,
early,supply_current_ma,3_huber,0.6837513257115976,1.3508196718056638,0.5115621558641479,-0.04458130773065045,0.6240419367610206,3.9800731658332675,,,,,,,,
early,supply_current_ma,4_gbm_mae,0.6767746412636694,1.3069110824002947,0.5137452103184259,-0.07065067600798866,0.6204938051962149,3.783819485802558,,,,,,,,
early,supply_current_ma,5a_lgbm_q95,0.6767746412636694,1.3069110824002947,0.5137452103184259,-0.07065067600798866,0.6204938051962149,3.783819485802558,,0.9390833333333334,1.3946281764805784,,,,,
early,supply_current_ma,5b_quantile_forest,0.6853703442974471,1.328412294575411,0.512674999999998,-0.08888985117322329,0.6279956140322901,3.8528048092635987,,0.9462083333333333,1.5411239464583324,,,,,
early,supply_current_ma,SURVIVORSHIP,0.6767746412636694,,,,,,,,,11.324487875879699,10.836048781249438,-11.043194960648457,88.0,65.0
early,vth_shift_mv,1_linear_slope,5.135050123427228,6.748176856681402,4.361600000000001,3.7038259900116106,5.076149313730465,8.38080200203342,,,,,,,,
early,vth_shift_mv,2_power_law,1.513421195356126,2.551444203365803,1.2125660578319808,-0.06549807190622635,1.4627049671072574,4.308158550615803,0.5566089724523272,,,,,,,
early,vth_shift_mv,3_huber,0.839529801029563,2.092793799021582,0.6326784701187521,-0.12274087676644062,0.7767084848799128,4.307648971042914,,,,,,,,
early,vth_shift_mv,4_gbm_mae,0.8434460912805734,2.039740606136064,0.6352428210055305,-0.1369856613518009,0.7814430085722097,4.266393793117233,,,,,,,,
early,vth_shift_mv,5a_lgbm_q95,0.8434460912805734,2.039740606136064,0.6352428210055305,-0.1369856613518009,0.7814430085722097,4.266393793117233,,0.934125,1.6632160358145944,,,,,
early,vth_shift_mv,5b_quantile_forest,0.8496098257505228,2.0614739670200226,0.6475,-0.12070688988716029,0.7885105776607468,4.222660353198509,,0.9444166666666667,1.8317380283333322,,,,,
early,vth_shift_mv,SURVIVORSHIP,0.8434460912805734,,,,,,,,,14.105430513043892,13.74010773200256,-13.51708728547078,88.0,50.0
mid,iddq_ua,1_linear_slope,2.868447557952519,4.21828972213344,2.2894000000000005,1.5556980969775704,2.765407960293723,8.546484403178477,,,,,,,,
mid,iddq_ua,2_power_law,1.1674831589733,2.526056562898098,0.8727825162956524,-0.11700951643839676,1.0557204936875568,7.32620801652256,0.6091125140639798,,,,,,,
mid,iddq_ua,3_huber,0.5251895914708862,2.31440603920236,0.3056392049390828,-0.16699684254482153,0.4051224023807516,7.15362951751712,,,,,,,,
mid,iddq_ua,4_gbm_mae,0.4781956510200601,2.191637353917449,0.3026129970153679,-0.1246453847361273,0.36531839919532344,6.709707260538844,,,,,,,,
mid,iddq_ua,5a_lgbm_q95,0.4781956510200601,2.191637353917449,0.3026129970153679,-0.1246453847361273,0.36531839919532344,6.709707260538844,,0.934375,0.7779482584755024,,,,,
mid,iddq_ua,5b_quantile_forest,0.48545850400691476,2.213061203646666,0.3102249999999982,-0.12953110377951446,0.3699137752454074,6.864231082683759,,0.937625,0.8149516716666663,,,,,
mid,leakage_na,1_linear_slope,6.929838023956203,9.632082577698196,5.677599999999995,4.618498006743164,6.7572447754812295,16.440655674111106,,,,,,,,
mid,leakage_na,2_power_law,2.378544436602842,4.4406352885523495,1.8622425569006325,-0.15236578490200758,2.2232077613912717,10.938431948846985,0.5738331586861263,,,,,,,
mid,leakage_na,3_huber,1.0940505825535196,3.8444841216136934,0.7082385471366912,-0.29490232303878117,0.9263431333778392,10.352522946530827,,,,,,,,
mid,leakage_na,4_gbm_mae,0.9921490079265916,3.5140873097597414,0.7027595372952309,-0.16944865413641486,0.8388806416471862,9.453496076555215,,,,,,,,
mid,leakage_na,5a_lgbm_q95,0.9921490079265916,3.5140873097597414,0.7027595372952309,-0.16944865413641486,0.8388806416471862,9.453496076555215,,0.9322916666666666,1.75397348043064,,,,,
mid,leakage_na,5b_quantile_forest,1.0083318411208946,3.5801671021855164,0.7137999999999991,-0.20604121676891726,0.8500355754475715,9.74724957113787,,0.9358333333333333,1.8292089745833322,,,,,
mid,prop_delay_ns,1_linear_slope,0.3130021615003543,0.41127291069904515,0.2601000000000049,0.16590303368615567,0.3063815127580604,0.6778355687747741,,,,,,,,
mid,prop_delay_ns,2_power_law,0.14690682554267281,0.20747855418508282,0.11983099965769028,-0.0023016332606636664,0.1420630256634815,0.41382628961145845,0.6926218680517429,,,,,,,
mid,prop_delay_ns,3_huber,0.051863297131195515,0.11622824417199794,0.039196547341012966,-0.003438411827212305,0.04673510700244746,0.33497061775175346,,,,,,,,
mid,prop_delay_ns,4_gbm_mae,0.04941169814223033,0.10985659801118897,0.037646406606747895,-0.001675404873782087,0.04505107990163583,0.2901443767968767,,,,,,,,
mid,prop_delay_ns,5a_lgbm_q95,0.04941169814223033,0.10985659801118897,0.037646406606747895,-0.001675404873782087,0.04505107990163583,0.2901443767968767,,0.9441666666666667,0.09320261393141355,,,,,
mid,prop_delay_ns,5b_quantile_forest,0.050524346175339775,0.11298389721507267,0.03829999999999956,-0.0018333946658653677,0.04595498469499322,0.3027809227004201,,0.9495,0.09753337229166659,,,,,
mid,supply_current_ma,1_linear_slope,3.3288542606413642,4.298845739112597,2.787200000000013,2.1402032379614577,3.285646634133345,5.709827215521231,,,,,,,,
mid,supply_current_ma,2_power_law,1.3587251726114828,1.8866729628073673,1.106903942710595,0.004919696256266999,1.3224969080320508,3.355097691473404,0.6580053237728571,,,,,,,
mid,supply_current_ma,3_huber,0.5108010115723314,1.1071683712020444,0.38878228224642797,-0.0439669723132248,0.4660592200181575,2.980820337817152,,,,,,,,
mid,supply_current_ma,4_gbm_mae,0.48828293511727644,1.0460425199178636,0.3731960271612138,-0.03414432264824224,0.4492532780787103,2.642957654953618,,,,,,,,
mid,supply_current_ma,5a_lgbm_q95,0.48828293511727644,1.0460425199178636,0.3731960271612138,-0.03414432264824224,0.4492532780787103,2.642957654953618,,0.9407083333333334,0.9266196366671868,,,,,
mid,supply_current_ma,5b_quantile_forest,0.5049860599507858,1.081457821859093,0.38692499999999797,-0.04874824283988996,0.46299751806804623,2.823009239814534,,0.9415416666666667,0.9780137741666661,,,,,
mid,vth_shift_mv,1_linear_slope,5.135050123427228,6.748176856681402,4.361600000000001,3.7038259900116106,5.076149313730465,8.38080200203342,,,,,,,,
mid,vth_shift_mv,2_power_law,1.513421195356126,2.551444203365803,1.2125660578319808,-0.06549807190622635,1.4627049671072574,4.308158550615803,0.5566089724523272,,,,,,,
mid,vth_shift_mv,3_huber,0.6395040121647138,1.8464137739266715,0.48160689904079745,-0.07940255691341469,0.587718931848595,3.498355764604682,,,,,,,,
mid,vth_shift_mv,4_gbm_mae,0.6277057930165575,1.7913831669787847,0.4802817643023922,-0.06754244970736788,0.576847825331097,3.4353752830618918,,,,,,,,
mid,vth_shift_mv,5a_lgbm_q95,0.6277057930165575,1.7913831669787847,0.4802817643023922,-0.06754244970736788,0.576847825331097,3.4353752830618918,,0.9374583333333333,1.1980040850106821,,,,,
mid,vth_shift_mv,5b_quantile_forest,0.6311053337046163,1.800330124565918,0.4863,-0.055757794053826956,0.5808715724267984,3.404314829259652,,0.940625,1.2252703106249994,,,,,
