parameter,lot,n,MAE
iddq_ua,LOT192,500,0.4400805267495536
iddq_ua,LOT193,500,0.4697855665701307
iddq_ua,LOT194,500,0.6520855786837221
iddq_ua,LOT195,500,0.5119940807972786
iddq_ua,LOT196,500,0.5805415296817367
iddq_ua,LOT197,500,0.5959846050263196
iddq_ua,LOT198,500,0.49112893208526304
iddq_ua,LOT199,500,0.6854388127486404
iddq_ua,LOT200,500,0.547954568610485
iddq_ua,LOT201,500,0.6776605175627726
iddq_ua,LOT202,500,0.5883107148651525
iddq_ua,LOT203,500,0.6332665328294529
iddq_ua,LOT204,500,0.5553733248555579
iddq_ua,LOT205,500,0.8303882811110678
iddq_ua,LOT206,500,0.46469505785653314
iddq_ua,LOT207,500,0.8066805930923733
iddq_ua,LOT208,500,0.6697666977282242
iddq_ua,LOT209,500,0.6163780236543208
iddq_ua,LOT210,500,0.5188782246705438
iddq_ua,LOT211,500,0.6173412264431998
iddq_ua,LOT212,500,0.7379229618513132
iddq_ua,LOT213,500,0.693319571248828
iddq_ua,LOT214,500,0.7962301914986304
iddq_ua,LOT215,500,0.6593310538337062
iddq_ua,LOT216,500,0.5683160765276039
iddq_ua,LOT217,500,0.8655001612472506
iddq_ua,LOT218,500,0.47832126017111976
iddq_ua,LOT219,500,0.6214625021145695
iddq_ua,LOT220,500,0.5455198507153495
iddq_ua,LOT221,500,0.6679129517077831
iddq_ua,LOT222,500,0.42518476588536297
iddq_ua,LOT223,500,0.5745324622249289
iddq_ua,LOT224,500,0.6833387060629404
iddq_ua,LOT225,500,0.5914948214557159
iddq_ua,LOT226,500,0.6562905359814702
iddq_ua,LOT227,500,0.6159593380321587
iddq_ua,LOT228,500,0.590193362150801
iddq_ua,LOT229,500,0.4741446862111987
iddq_ua,LOT230,500,0.6044037365466238
iddq_ua,LOT231,500,0.5532632736667648
iddq_ua,LOT232,500,0.724562762797572
iddq_ua,LOT233,500,0.40667002037158534
iddq_ua,LOT234,500,0.44771069549020814
iddq_ua,LOT235,500,0.7003228192287823
iddq_ua,LOT236,500,0.6399943125887023
iddq_ua,LOT237,500,0.6303102772981944
iddq_ua,LOT238,500,0.7788171011250188
iddq_ua,LOT239,500,0.5308966854365343
leakage_na,LOT192,500,1.1896258834043982
leakage_na,LOT193,500,1.0376464243846322
leakage_na,LOT194,500,1.219440886625688
leakage_na,LOT195,500,1.4429860006039759
leakage_na,LOT196,500,1.3765462429090614
leakage_na,LOT197,500,1.3893854585100653
leakage_na,LOT198,500,1.1585223365958157
leakage_na,LOT199,500,1.1084025320558162
leakage_na,LOT200,500,1.047002586924108
leakage_na,LOT201,500,1.530341113060366
leakage_na,LOT202,500,1.1393243633673493
leakage_na,LOT203,500,1.1614063429795352
leakage_na,LOT204,500,1.1667360653626724
leakage_na,LOT205,500,1.7693208085405472
leakage_na,LOT206,500,1.1440013450911597
leakage_na,LOT207,500,1.5973219246240424
leakage_na,LOT208,500,1.3690577093315497
leakage_na,LOT209,500,1.372767135387753
leakage_na,LOT210,500,1.299475364100856
leakage_na,LOT211,500,1.4653270814408452
leakage_na,LOT212,500,1.1424599218207658
leakage_na,LOT213,500,1.7797606549499787
leakage_na,LOT214,500,1.6917842698884926
leakage_na,LOT215,500,1.4079054595016887
leakage_na,LOT216,500,1.0105901377426827
leakage_na,LOT217,500,1.4677802971751066
leakage_na,LOT218,500,0.9750006637621196
leakage_na,LOT219,500,1.422024217515017
leakage_na,LOT220,500,1.2160022445288892
leakage_na,LOT221,500,1.450848764807349
leakage_na,LOT222,500,1.1464536605467905
leakage_na,LOT223,500,1.2288399465012552
leakage_na,LOT224,500,1.084458794136429
leakage_na,LOT225,500,1.2218820029948234
leakage_na,LOT226,500,1.2546693672071298
leakage_na,LOT227,500,1.537460256668279
leakage_na,LOT228,500,1.4473860740976048
leakage_na,LOT229,500,1.0348574499337817
leakage_na,LOT230,500,1.1977758894059078
leakage_na,LOT231,500,1.2535431266108448
leakage_na,LOT232,500,1.2776821312507791
leakage_na,LOT233,500,1.0737378819880823
leakage_na,LOT234,500,1.1304508953241985
leakage_na,LOT235,500,1.259877440729585
leakage_na,LOT236,500,1.3129583215823886
leakage_na,LOT237,500,1.308498063353072
leakage_na,LOT238,500,1.7295917065212547
leakage_na,LOT239,500,1.1565653628992731
prop_delay_ns,LOT192,500,0.06524439737431502
prop_delay_ns,LOT193,500,0.06574353949557749
prop_delay_ns,LOT194,500,0.06419959209626572
prop_delay_ns,LOT195,500,0.049173060793124855
prop_delay_ns,LOT196,500,0.06071637442974469
prop_delay_ns,LOT197,500,0.0652568469565992
prop_delay_ns,LOT198,500,0.08655134380336088
prop_delay_ns,LOT199,500,0.08310911327453954
prop_delay_ns,LOT200,500,0.08943917468478489
prop_delay_ns,LOT201,500,0.05591056514739715
prop_delay_ns,LOT202,500,0.06686342897148446
prop_delay_ns,LOT203,500,0.07089758483669081
prop_delay_ns,LOT204,500,0.05643612170493437
prop_delay_ns,LOT205,500,0.06458720313814777
prop_delay_ns,LOT206,500,0.06580882177871564
prop_delay_ns,LOT207,500,0.06392716784847557
prop_delay_ns,LOT208,500,0.07068186799933064
prop_delay_ns,LOT209,500,0.06559746418611938
prop_delay_ns,LOT210,500,0.0696552286657344
prop_delay_ns,LOT211,500,0.05974697678905921
prop_delay_ns,LOT212,500,0.07828343111342817
prop_delay_ns,LOT213,500,0.07699470136803195
prop_delay_ns,LOT214,500,0.059905436706868244
prop_delay_ns,LOT215,500,0.06838626367083026
prop_delay_ns,LOT216,500,0.07098995591580114
prop_delay_ns,LOT217,500,0.06287267346280413
prop_delay_ns,LOT218,500,0.06720214305906001
prop_delay_ns,LOT219,500,0.07356864740937587
prop_delay_ns,LOT220,500,0.06413007807506874
prop_delay_ns,LOT221,500,0.05767451019459135
prop_delay_ns,LOT222,500,0.06216332058075042
prop_delay_ns,LOT223,500,0.07982718653820589
prop_delay_ns,LOT224,500,0.08103645008379869
prop_delay_ns,LOT225,500,0.06842556118082291
prop_delay_ns,LOT226,500,0.07832733072165628
prop_delay_ns,LOT227,500,0.06891868102680528
prop_delay_ns,LOT228,500,0.057894494591880015
prop_delay_ns,LOT229,500,0.07072352351527017
prop_delay_ns,LOT230,500,0.05857066652426501
prop_delay_ns,LOT231,500,0.07176977514424857
prop_delay_ns,LOT232,500,0.058467307660589204
prop_delay_ns,LOT233,500,0.07950562169640898
prop_delay_ns,LOT234,500,0.061400871872478245
prop_delay_ns,LOT235,500,0.0641713775791608
prop_delay_ns,LOT236,500,0.06918757731944433
prop_delay_ns,LOT237,500,0.06904825792144126
prop_delay_ns,LOT238,500,0.06530618391903754
prop_delay_ns,LOT239,500,0.05764257473375925
supply_current_ma,LOT192,500,0.6175029528929119
supply_current_ma,LOT193,500,0.6304924100110428
supply_current_ma,LOT194,500,0.6868996488423748
supply_current_ma,LOT195,500,0.6889434493643466
supply_current_ma,LOT196,500,0.8475748091177678
supply_current_ma,LOT197,500,0.6945301277553517
supply_current_ma,LOT198,500,0.587590880149025
supply_current_ma,LOT199,500,0.6153542488284697
supply_current_ma,LOT200,500,0.6928910077482535
supply_current_ma,LOT201,500,0.6714983538029959
supply_current_ma,LOT202,500,0.586825491091347
supply_current_ma,LOT203,500,0.7429558225469308
supply_current_ma,LOT204,500,0.5945525416652213
supply_current_ma,LOT205,500,0.7086339737848844
supply_current_ma,LOT206,500,0.6141716098303384
supply_current_ma,LOT207,500,0.5997806887796612
supply_current_ma,LOT208,500,0.6692855182029034
supply_current_ma,LOT209,500,0.6198425565237117
supply_current_ma,LOT210,500,0.6118858497003381
supply_current_ma,LOT211,500,0.7511260357845035
supply_current_ma,LOT212,500,0.6568090294233532
supply_current_ma,LOT213,500,0.8093646588893357
supply_current_ma,LOT214,500,0.7906856533734257
supply_current_ma,LOT215,500,0.765387382573067
supply_current_ma,LOT216,500,0.6147626171569336
supply_current_ma,LOT217,500,0.7838299971812235
supply_current_ma,LOT218,500,0.6335628742823318
supply_current_ma,LOT219,500,0.5590432456301166
supply_current_ma,LOT220,500,0.6179091022551911
supply_current_ma,LOT221,500,0.6100702176047195
supply_current_ma,LOT222,500,0.5938199592577543
supply_current_ma,LOT223,500,0.5984866149259858
supply_current_ma,LOT224,500,0.7394248667266737
supply_current_ma,LOT225,500,0.8124527313023477
supply_current_ma,LOT226,500,0.6416594948731764
supply_current_ma,LOT227,500,0.6977194475844833
supply_current_ma,LOT228,500,0.7737866657372957
supply_current_ma,LOT229,500,0.6966079799065317
supply_current_ma,LOT230,500,0.6620855196949605
supply_current_ma,LOT231,500,0.6319196091258247
supply_current_ma,LOT232,500,0.787029566472241
supply_current_ma,LOT233,500,0.6225636605530962
supply_current_ma,LOT234,500,0.5503992687742773
supply_current_ma,LOT235,500,0.722954063665687
supply_current_ma,LOT236,500,0.5433135200416769
supply_current_ma,LOT237,500,0.575471756249432
supply_current_ma,LOT238,500,0.9488486845607024
supply_current_ma,LOT239,500,0.8128766164119051
vth_shift_mv,LOT192,500,0.8232745595763681
vth_shift_mv,LOT193,500,0.8969540434683391
vth_shift_mv,LOT194,500,0.9583754130803475
vth_shift_mv,LOT195,500,0.7231535608509116
vth_shift_mv,LOT196,500,0.7769042868578795
vth_shift_mv,LOT197,500,0.8229305238360776
vth_shift_mv,LOT198,500,1.0969435323705643
vth_shift_mv,LOT199,500,1.1063258655075114
vth_shift_mv,LOT200,500,0.9533690652183757
vth_shift_mv,LOT201,500,0.7157752949554731
vth_shift_mv,LOT202,500,0.7683294064092097
vth_shift_mv,LOT203,500,0.824519863728815
vth_shift_mv,LOT204,500,0.6659428015938877
vth_shift_mv,LOT205,500,0.8825403888491477
vth_shift_mv,LOT206,500,0.7688205390240062
vth_shift_mv,LOT207,500,0.9368114010205073
vth_shift_mv,LOT208,500,0.8893562814216273
vth_shift_mv,LOT209,500,0.800687943554811
vth_shift_mv,LOT210,500,0.7580200404531517
vth_shift_mv,LOT211,500,0.67767564688456
vth_shift_mv,LOT212,500,0.9901722345540925
vth_shift_mv,LOT213,500,0.7165071831344338
vth_shift_mv,LOT214,500,0.7853564497380616
vth_shift_mv,LOT215,500,0.7705026791643982
vth_shift_mv,LOT216,500,0.8811077145029036
vth_shift_mv,LOT217,500,0.838693295753289
vth_shift_mv,LOT218,500,0.8861560939481495
vth_shift_mv,LOT219,500,0.9137648979080417
vth_shift_mv,LOT220,500,0.8504023547609371
vth_shift_mv,LOT221,500,0.8272660331348105
vth_shift_mv,LOT222,500,0.7906920505476656
vth_shift_mv,LOT223,500,1.0087496680421741
vth_shift_mv,LOT224,500,1.0927645678851763
vth_shift_mv,LOT225,500,0.7972926374103322
vth_shift_mv,LOT226,500,0.9430396913016628
vth_shift_mv,LOT227,500,0.784716616982954
vth_shift_mv,LOT228,500,0.7727088492158578
vth_shift_mv,LOT229,500,0.8181233505333442
vth_shift_mv,LOT230,500,0.8790970308968988
vth_shift_mv,LOT231,500,0.7607358273510433
vth_shift_mv,LOT232,500,0.7467662059689477
vth_shift_mv,LOT233,500,0.8207326953914936
vth_shift_mv,LOT234,500,0.8141246260438755
vth_shift_mv,LOT235,500,0.7539440749955307
vth_shift_mv,LOT236,500,1.086364739136667
vth_shift_mv,LOT237,500,0.7729932178210926
vth_shift_mv,LOT238,500,0.7945540152941706
vth_shift_mv,LOT239,500,0.7413731213879426
