scope,rung,method,defect_type,severity,n,flagged_%,ci_lo,ci_hi
test lots,L0,Static datasheet limits,GOOD,(all),23085,0.0,0.0,0.016638340140892993
test lots,L0,Static datasheet limits,III_CENTRE_HIDER,(all),8,0.0,0.0,32.44156195108769
test lots,L0,Static datasheet limits,III_CENTRE_HIDER,severe,2,0.0,0.0,65.76280471103807
test lots,L0,Static datasheet limits,III_CENTRE_HIDER,moderate,4,0.0,0.0,48.990002040399915
test lots,L0,Static datasheet limits,III_CENTRE_HIDER,mild,2,0.0,0.0,65.76280471103807
test lots,L0,Static datasheet limits,II_STEP_DEFECT,(all),124,0.0,0.0,3.0049686487027696
test lots,L0,Static datasheet limits,IV_CORRELATION_BREAK,(all),73,0.0,0.0,4.999375338358388
test lots,L0,Static datasheet limits,IV_CORRELATION_BREAK,severe,28,0.0,0.0,12.064720365810762
test lots,L0,Static datasheet limits,IV_CORRELATION_BREAK,moderate,17,0.0,0.0,18.432366037156456
test lots,L0,Static datasheet limits,IV_CORRELATION_BREAK,mild,28,0.0,0.0,12.064720365810762
test lots,L0,Static datasheet limits,I_STEEP_DRIFTER,(all),155,0.0,0.0,2.4185100124904304
test lots,L0,Static datasheet limits,VII_FIXTURE_ARTIFACT,(all),128,0.0,0.0,2.913799589810803
test lots,L0,Static datasheet limits,Va_MILDLY_HIGH_STABLE,(all),360,0.0,0.0,1.0558440816003447
test lots,L0,Static datasheet limits,Vb_EXTREME_LEVEL,(all),67,0.0,0.0,5.422802421176257
test lots,L1a,"DPAT static, MAD",GOOD,(all),23085,6.125189517002383,5.823096742768627,6.441882371644805
test lots,L1a,"DPAT static, MAD",III_CENTRE_HIDER,(all),8,12.5,2.2416908863296183,47.08948057698615
test lots,L1a,"DPAT static, MAD",III_CENTRE_HIDER,severe,2,0.0,0.0,65.76280471103807
test lots,L1a,"DPAT static, MAD",III_CENTRE_HIDER,moderate,4,0.0,0.0,48.990002040399915
test lots,L1a,"DPAT static, MAD",III_CENTRE_HIDER,mild,2,50.0,9.452865480086611,90.5471345199134
test lots,L1a,"DPAT static, MAD",II_STEP_DEFECT,(all),124,29.032258064516128,21.768665116080694,37.555999155955945
test lots,L1a,"DPAT static, MAD",IV_CORRELATION_BREAK,(all),73,27.397260273972602,18.491307031474413,38.56320510778349
test lots,L1a,"DPAT static, MAD",IV_CORRELATION_BREAK,severe,28,53.57142857142857,35.81239514210167,70.46869626034041
test lots,L1a,"DPAT static, MAD",IV_CORRELATION_BREAK,moderate,17,23.529411764705884,9.554889071675943,47.2622458891716
test lots,L1a,"DPAT static, MAD",IV_CORRELATION_BREAK,mild,28,3.5714285714285716,0.6332356497541882,17.712576118498664
test lots,L1a,"DPAT static, MAD",I_STEEP_DRIFTER,(all),155,50.32258064516129,42.53915719085748,58.090400809061926
test lots,L1a,"DPAT static, MAD",VII_FIXTURE_ARTIFACT,(all),128,21.09375,14.921211855024591,28.95082853283478
test lots,L1a,"DPAT static, MAD",Va_MILDLY_HIGH_STABLE,(all),360,58.333333333333336,53.17872825362635,63.311964399440264
test lots,L1a,"DPAT static, MAD",Vb_EXTREME_LEVEL,(all),67,100.0,94.57719757882373,99.99999999999999
test lots,L1b,"DPAT dynamic, MAD",GOOD,(all),23085,5.895603205544726,5.599027437291506,6.2068554529094495
test lots,L1b,"DPAT dynamic, MAD",III_CENTRE_HIDER,(all),8,0.0,0.0,32.44156195108769
test lots,L1b,"DPAT dynamic, MAD",III_CENTRE_HIDER,severe,2,0.0,0.0,65.76280471103807
test lots,L1b,"DPAT dynamic, MAD",III_CENTRE_HIDER,moderate,4,0.0,0.0,48.990002040399915
test lots,L1b,"DPAT dynamic, MAD",III_CENTRE_HIDER,mild,2,0.0,0.0,65.76280471103807
test lots,L1b,"DPAT dynamic, MAD",II_STEP_DEFECT,(all),124,45.96774193548387,37.44886853823692,54.72895151407781
test lots,L1b,"DPAT dynamic, MAD",IV_CORRELATION_BREAK,(all),73,21.91780821917808,13.966002654277954,32.677482124800036
test lots,L1b,"DPAT dynamic, MAD",IV_CORRELATION_BREAK,severe,28,53.57142857142857,35.81239514210167,70.46869626034041
test lots,L1b,"DPAT dynamic, MAD",IV_CORRELATION_BREAK,moderate,17,5.882352941176471,1.0460130645164236,26.982545203562797
test lots,L1b,"DPAT dynamic, MAD",IV_CORRELATION_BREAK,mild,28,0.0,0.0,12.064720365810762
test lots,L1b,"DPAT dynamic, MAD",I_STEEP_DRIFTER,(all),155,59.354838709677416,51.486770044665775,66.77041195299729
test lots,L1b,"DPAT dynamic, MAD",VII_FIXTURE_ARTIFACT,(all),128,17.1875,11.633031408834082,24.65414957197926
test lots,L1b,"DPAT dynamic, MAD",Va_MILDLY_HIGH_STABLE,(all),360,74.44444444444444,69.69705964626787,78.67563880272752
test lots,L1b,"DPAT dynamic, MAD",Vb_EXTREME_LEVEL,(all),67,100.0,94.57719757882373,99.99999999999999
test lots,L1c,"DPAT dynamic, all 4 estimators",GOOD,(all),23085,5.96058046350444,5.662430396056148,6.273385387789848
test lots,L1c,"DPAT dynamic, all 4 estimators",III_CENTRE_HIDER,(all),8,0.0,0.0,32.44156195108769
test lots,L1c,"DPAT dynamic, all 4 estimators",III_CENTRE_HIDER,severe,2,0.0,0.0,65.76280471103807
test lots,L1c,"DPAT dynamic, all 4 estimators",III_CENTRE_HIDER,moderate,4,0.0,0.0,48.990002040399915
test lots,L1c,"DPAT dynamic, all 4 estimators",III_CENTRE_HIDER,mild,2,0.0,0.0,65.76280471103807
test lots,L1c,"DPAT dynamic, all 4 estimators",II_STEP_DEFECT,(all),124,41.12903225806452,32.86152076057061,49.929683354521806
test lots,L1c,"DPAT dynamic, all 4 estimators",IV_CORRELATION_BREAK,(all),73,30.136986301369863,20.822443643357463,41.43758217599039
test lots,L1c,"DPAT dynamic, all 4 estimators",IV_CORRELATION_BREAK,severe,28,75.0,56.64397475929539,87.32366505779923
test lots,L1c,"DPAT dynamic, all 4 estimators",IV_CORRELATION_BREAK,moderate,17,5.882352941176471,1.0460130645164236,26.982545203562797
test lots,L1c,"DPAT dynamic, all 4 estimators",IV_CORRELATION_BREAK,mild,28,0.0,0.0,12.064720365810762
test lots,L1c,"DPAT dynamic, all 4 estimators",I_STEEP_DRIFTER,(all),155,60.645161290322584,52.78583942780153,67.98957456953923
test lots,L1c,"DPAT dynamic, all 4 estimators",VII_FIXTURE_ARTIFACT,(all),128,14.0625,9.083896111136736,21.135397344039777
test lots,L1c,"DPAT dynamic, all 4 estimators",Va_MILDLY_HIGH_STABLE,(all),360,71.38888888888889,66.51367077418966,75.81244036868131
test lots,L1c,"DPAT dynamic, all 4 estimators",Vb_EXTREME_LEVEL,(all),67,100.0,94.57719757882373,99.99999999999999
test lots,L2,DPAT on trajectory features,GOOD,(all),23085,5.904266839939354,5.607480567281551,6.215726708738741
test lots,L2,DPAT on trajectory features,III_CENTRE_HIDER,(all),8,0.0,0.0,32.44156195108769
test lots,L2,DPAT on trajectory features,III_CENTRE_HIDER,severe,2,0.0,0.0,65.76280471103807
test lots,L2,DPAT on trajectory features,III_CENTRE_HIDER,moderate,4,0.0,0.0,48.990002040399915
test lots,L2,DPAT on trajectory features,III_CENTRE_HIDER,mild,2,0.0,0.0,65.76280471103807
test lots,L2,DPAT on trajectory features,II_STEP_DEFECT,(all),124,88.70967741935483,81.93846443476478,93.15446306301372
test lots,L2,DPAT on trajectory features,IV_CORRELATION_BREAK,(all),73,9.58904109589041,4.722835432935106,18.495837785738107
test lots,L2,DPAT on trajectory features,IV_CORRELATION_BREAK,severe,28,25.0,12.67633494220078,43.356025240704604
test lots,L2,DPAT on trajectory features,IV_CORRELATION_BREAK,moderate,17,0.0,0.0,18.432366037156456
test lots,L2,DPAT on trajectory features,IV_CORRELATION_BREAK,mild,28,0.0,0.0,12.064720365810762
test lots,L2,DPAT on trajectory features,I_STEEP_DRIFTER,(all),155,99.35483870967742,96.4363487927048,99.8860251949659
test lots,L2,DPAT on trajectory features,VII_FIXTURE_ARTIFACT,(all),128,79.6875,71.90057513712908,85.74435635642075
test lots,L2,DPAT on trajectory features,Va_MILDLY_HIGH_STABLE,(all),360,51.666666666666664,46.51418049277453,56.783958037838794
test lots,L2,DPAT on trajectory features,Vb_EXTREME_LEVEL,(all),67,100.0,94.57719757882373,99.99999999999999
test lots,L3a,Mahalanobis + MCD,GOOD,(all),23085,5.912930474333983,5.615933881917701,6.22459777992193
test lots,L3a,Mahalanobis + MCD,III_CENTRE_HIDER,(all),8,50.0,21.52125268244419,78.47874731755581
test lots,L3a,Mahalanobis + MCD,III_CENTRE_HIDER,severe,2,50.0,9.452865480086611,90.5471345199134
test lots,L3a,Mahalanobis + MCD,III_CENTRE_HIDER,moderate,4,50.0,15.003570882017145,84.99642911798286
test lots,L3a,Mahalanobis + MCD,III_CENTRE_HIDER,mild,2,50.0,9.452865480086611,90.5471345199134
test lots,L3a,Mahalanobis + MCD,II_STEP_DEFECT,(all),124,49.193548387096776,40.5514528950842,57.884111115378744
test lots,L3a,Mahalanobis + MCD,IV_CORRELATION_BREAK,(all),73,98.63013698630137,92.64008673087267,99.75778109072394
test lots,L3a,Mahalanobis + MCD,IV_CORRELATION_BREAK,severe,28,100.0,87.93527963418924,100.0
test lots,L3a,Mahalanobis + MCD,IV_CORRELATION_BREAK,moderate,17,100.0,81.56763396284354,100.0
test lots,L3a,Mahalanobis + MCD,IV_CORRELATION_BREAK,mild,28,96.42857142857143,82.28742388150134,99.36676435024582
test lots,L3a,Mahalanobis + MCD,I_STEEP_DRIFTER,(all),155,46.45161290322581,38.780782289225534,54.29407971166088
test lots,L3a,Mahalanobis + MCD,VII_FIXTURE_ARTIFACT,(all),128,37.5,29.592294237008236,46.136155660444466
test lots,L3a,Mahalanobis + MCD,Va_MILDLY_HIGH_STABLE,(all),360,66.11111111111111,61.07434012751592,70.80766566841285
test lots,L3a,Mahalanobis + MCD,Vb_EXTREME_LEVEL,(all),67,100.0,94.57719757882373,99.99999999999999
test lots,L3b,PCA T2 + Q-residual,GOOD,(all),23085,5.826294130387698,5.531409090682525,6.135878712963719
test lots,L3b,PCA T2 + Q-residual,III_CENTRE_HIDER,(all),8,0.0,0.0,32.44156195108769
test lots,L3b,PCA T2 + Q-residual,III_CENTRE_HIDER,severe,2,0.0,0.0,65.76280471103807
test lots,L3b,PCA T2 + Q-residual,III_CENTRE_HIDER,moderate,4,0.0,0.0,48.990002040399915
test lots,L3b,PCA T2 + Q-residual,III_CENTRE_HIDER,mild,2,0.0,0.0,65.76280471103807
test lots,L3b,PCA T2 + Q-residual,II_STEP_DEFECT,(all),124,88.70967741935483,81.93846443476478,93.15446306301372
test lots,L3b,PCA T2 + Q-residual,IV_CORRELATION_BREAK,(all),73,68.4931506849315,57.14069101601096,77.9965263245962
test lots,L3b,PCA T2 + Q-residual,IV_CORRELATION_BREAK,severe,28,100.0,87.93527963418924,100.0
test lots,L3b,PCA T2 + Q-residual,IV_CORRELATION_BREAK,moderate,17,100.0,81.56763396284354,100.0
test lots,L3b,PCA T2 + Q-residual,IV_CORRELATION_BREAK,mild,28,17.857142857142858,7.8783858294301075,35.5917915485911
test lots,L3b,PCA T2 + Q-residual,I_STEEP_DRIFTER,(all),155,98.70967741935483,95.41781972687392,99.64543826095796
test lots,L3b,PCA T2 + Q-residual,VII_FIXTURE_ARTIFACT,(all),128,83.59375,76.21804068051546,89.01175022008042
test lots,L3b,PCA T2 + Q-residual,Va_MILDLY_HIGH_STABLE,(all),360,55.27777777777778,50.11273739546325,60.331367951478946
test lots,L3b,PCA T2 + Q-residual,Vb_EXTREME_LEVEL,(all),67,100.0,94.57719757882373,99.99999999999999
test lots,L3b-Q,PCA Q-residual alone,GOOD,(all),23085,6.181503140567468,5.878076201851729,6.499511420387407
test lots,L3b-Q,PCA Q-residual alone,III_CENTRE_HIDER,(all),8,62.5,30.573785458380183,86.31582405384789
test lots,L3b-Q,PCA Q-residual alone,III_CENTRE_HIDER,severe,2,50.0,9.452865480086611,90.5471345199134
test lots,L3b-Q,PCA Q-residual alone,III_CENTRE_HIDER,moderate,4,75.0,30.063605244263663,95.44139373553638
test lots,L3b-Q,PCA Q-residual alone,III_CENTRE_HIDER,mild,2,50.0,9.452865480086611,90.5471345199134
test lots,L3b-Q,PCA Q-residual alone,II_STEP_DEFECT,(all),124,96.7741935483871,91.99872889158152,98.73855850156748
test lots,L3b-Q,PCA Q-residual alone,IV_CORRELATION_BREAK,(all),73,8.219178082191782,3.8213229973420253,16.794593381286216
test lots,L3b-Q,PCA Q-residual alone,IV_CORRELATION_BREAK,severe,28,21.428571428571427,10.21232170118942,39.538947079273875
test lots,L3b-Q,PCA Q-residual alone,IV_CORRELATION_BREAK,moderate,17,0.0,0.0,18.432366037156456
test lots,L3b-Q,PCA Q-residual alone,IV_CORRELATION_BREAK,mild,28,0.0,0.0,12.064720365810762
test lots,L3b-Q,PCA Q-residual alone,I_STEEP_DRIFTER,(all),155,96.7741935483871,92.67147726516284,98.61443272315256
test lots,L3b-Q,PCA Q-residual alone,VII_FIXTURE_ARTIFACT,(all),128,75.78125,67.67870437261757,82.38136771388622
test lots,L3b-Q,PCA Q-residual alone,Va_MILDLY_HIGH_STABLE,(all),360,35.27777777777778,30.520809870606044,40.34563310897628
test lots,L3b-Q,PCA Q-residual alone,Vb_EXTREME_LEVEL,(all),67,98.50746268656717,92.01794802686533,99.7360496242323
test lots,L3c,kNN distance,GOOD,(all),23085,5.7786441412172405,5.4849284497127355,6.0870752319271455
test lots,L3c,kNN distance,III_CENTRE_HIDER,(all),8,0.0,0.0,32.44156195108769
test lots,L3c,kNN distance,III_CENTRE_HIDER,severe,2,0.0,0.0,65.76280471103807
test lots,L3c,kNN distance,III_CENTRE_HIDER,moderate,4,0.0,0.0,48.990002040399915
test lots,L3c,kNN distance,III_CENTRE_HIDER,mild,2,0.0,0.0,65.76280471103807
test lots,L3c,kNN distance,II_STEP_DEFECT,(all),124,88.70967741935483,81.93846443476478,93.15446306301372
test lots,L3c,kNN distance,IV_CORRELATION_BREAK,(all),73,52.054794520547944,40.781398284768294,63.12273697529917
test lots,L3c,kNN distance,IV_CORRELATION_BREAK,severe,28,96.42857142857143,82.28742388150134,99.36676435024582
test lots,L3c,kNN distance,IV_CORRELATION_BREAK,moderate,17,52.94117647058823,30.96289731154949,73.8351988039119
test lots,L3c,kNN distance,IV_CORRELATION_BREAK,mild,28,7.142857142857143,1.981164744777079,22.645738425917862
test lots,L3c,kNN distance,I_STEEP_DRIFTER,(all),155,99.35483870967742,96.4363487927048,99.8860251949659
test lots,L3c,kNN distance,VII_FIXTURE_ARTIFACT,(all),128,84.375,77.09503846480996,89.65172431719512
test lots,L3c,kNN distance,Va_MILDLY_HIGH_STABLE,(all),360,58.05555555555556,52.89919213477903,63.04181076318537
test lots,L3c,kNN distance,Vb_EXTREME_LEVEL,(all),67,100.0,94.57719757882373,99.99999999999999
test lots,L4a,Isolation Forest,GOOD,(all),23085,5.449426034221356,5.163950499866128,5.749726520638878
test lots,L4a,Isolation Forest,III_CENTRE_HIDER,(all),8,0.0,0.0,32.44156195108769
test lots,L4a,Isolation Forest,III_CENTRE_HIDER,severe,2,0.0,0.0,65.76280471103807
test lots,L4a,Isolation Forest,III_CENTRE_HIDER,moderate,4,0.0,0.0,48.990002040399915
test lots,L4a,Isolation Forest,III_CENTRE_HIDER,mild,2,0.0,0.0,65.76280471103807
test lots,L4a,Isolation Forest,II_STEP_DEFECT,(all),124,70.96774193548387,62.444000844044055,78.2313348839193
test lots,L4a,Isolation Forest,IV_CORRELATION_BREAK,(all),73,26.027397260273972,17.342050231153916,37.109705068059014
test lots,L4a,Isolation Forest,IV_CORRELATION_BREAK,severe,28,60.714285714285715,42.4087260349063,76.43454817241995
test lots,L4a,Isolation Forest,IV_CORRELATION_BREAK,moderate,17,11.764705882352942,3.287908001292091,34.33684249770991
test lots,L4a,Isolation Forest,IV_CORRELATION_BREAK,mild,28,0.0,0.0,12.064720365810762
test lots,L4a,Isolation Forest,I_STEEP_DRIFTER,(all),155,82.58064516129032,75.84194837210603,87.74340961975504
test lots,L4a,Isolation Forest,VII_FIXTURE_ARTIFACT,(all),128,78.90625,71.04917146716521,85.07878814497542
test lots,L4a,Isolation Forest,Va_MILDLY_HIGH_STABLE,(all),360,81.11111111111111,76.74722340378106,84.81802916766762
test lots,L4a,Isolation Forest,Vb_EXTREME_LEVEL,(all),67,80.59701492537313,69.58066237584177,88.2949361425429
test lots,L4b,Autoencoder,GOOD,(all),23085,6.614684860298896,6.301233008738799,6.942573904467279
test lots,L4b,Autoencoder,III_CENTRE_HIDER,(all),8,12.5,2.2416908863296183,47.08948057698615
test lots,L4b,Autoencoder,III_CENTRE_HIDER,severe,2,0.0,0.0,65.76280471103807
test lots,L4b,Autoencoder,III_CENTRE_HIDER,moderate,4,25.0,4.558606264463622,69.93639475573634
test lots,L4b,Autoencoder,III_CENTRE_HIDER,mild,2,0.0,0.0,65.76280471103807
test lots,L4b,Autoencoder,II_STEP_DEFECT,(all),124,88.70967741935483,81.93846443476478,93.15446306301372
test lots,L4b,Autoencoder,IV_CORRELATION_BREAK,(all),73,69.86301369863014,58.562417824009614,79.17755635664254
test lots,L4b,Autoencoder,IV_CORRELATION_BREAK,severe,28,100.0,87.93527963418924,100.0
test lots,L4b,Autoencoder,IV_CORRELATION_BREAK,moderate,17,88.23529411764706,65.66315750229009,96.71209199870792
test lots,L4b,Autoencoder,IV_CORRELATION_BREAK,mild,28,28.571428571428573,15.253815848329966,47.0596357370175
test lots,L4b,Autoencoder,I_STEEP_DRIFTER,(all),155,98.70967741935483,95.41781972687392,99.64543826095796
test lots,L4b,Autoencoder,VII_FIXTURE_ARTIFACT,(all),128,71.09375,62.71652314384711,78.24171765420145
test lots,L4b,Autoencoder,Va_MILDLY_HIGH_STABLE,(all),360,9.166666666666666,6.601597571891974,12.59400842808164
test lots,L4b,Autoencoder,Vb_EXTREME_LEVEL,(all),67,100.0,94.57719757882373,99.99999999999999
test lots,L4b',LOF,GOOD,(all),23085,6.896252978124323,6.5764985507950575,7.230350901539531
test lots,L4b',LOF,III_CENTRE_HIDER,(all),8,12.5,2.2416908863296183,47.08948057698615
test lots,L4b',LOF,III_CENTRE_HIDER,severe,2,0.0,0.0,65.76280471103807
test lots,L4b',LOF,III_CENTRE_HIDER,moderate,4,0.0,0.0,48.990002040399915
test lots,L4b',LOF,III_CENTRE_HIDER,mild,2,50.0,9.452865480086611,90.5471345199134
test lots,L4b',LOF,II_STEP_DEFECT,(all),124,89.51612903225806,82.88708942105225,93.7702740662633
test lots,L4b',LOF,IV_CORRELATION_BREAK,(all),73,69.86301369863014,58.562417824009614,79.17755635664254
test lots,L4b',LOF,IV_CORRELATION_BREAK,severe,28,100.0,87.93527963418924,100.0
test lots,L4b',LOF,IV_CORRELATION_BREAK,moderate,17,100.0,81.56763396284354,100.0
test lots,L4b',LOF,IV_CORRELATION_BREAK,mild,28,21.428571428571427,10.21232170118942,39.538947079273875
test lots,L4b',LOF,I_STEEP_DRIFTER,(all),155,100.0,97.58148998750957,100.0
test lots,L4b',LOF,VII_FIXTURE_ARTIFACT,(all),128,31.25,23.86540761365296,39.727267232526096
test lots,L4b',LOF,Va_MILDLY_HIGH_STABLE,(all),360,5.277777777777778,3.4044735609293726,8.095475867613159
test lots,L4b',LOF,Vb_EXTREME_LEVEL,(all),67,100.0,94.57719757882373,99.99999999999999
test lots,L4c,Union ensemble,GOOD,(all),23085,5.692007797270955,5.4004329901399775,5.998326833306515
test lots,L4c,Union ensemble,III_CENTRE_HIDER,(all),8,25.0,7.1477688858027655,59.073012089741084
test lots,L4c,Union ensemble,III_CENTRE_HIDER,severe,2,50.0,9.452865480086611,90.5471345199134
test lots,L4c,Union ensemble,III_CENTRE_HIDER,moderate,4,25.0,4.558606264463622,69.93639475573634
test lots,L4c,Union ensemble,III_CENTRE_HIDER,mild,2,0.0,0.0,65.76280471103807
test lots,L4c,Union ensemble,II_STEP_DEFECT,(all),124,93.54838709677419,87.78459480394979,96.694948631051
test lots,L4c,Union ensemble,IV_CORRELATION_BREAK,(all),73,76.71232876712328,65.83251745764002,84.921240923237
test lots,L4c,Union ensemble,IV_CORRELATION_BREAK,severe,28,100.0,87.93527963418924,100.0
test lots,L4c,Union ensemble,IV_CORRELATION_BREAK,moderate,17,100.0,81.56763396284354,100.0
test lots,L4c,Union ensemble,IV_CORRELATION_BREAK,mild,28,39.285714285714285,23.565451827580034,57.5912739650937
test lots,L4c,Union ensemble,I_STEEP_DRIFTER,(all),155,100.0,97.58148998750957,100.0
test lots,L4c,Union ensemble,VII_FIXTURE_ARTIFACT,(all),128,78.90625,71.04917146716521,85.07878814497542
test lots,L4c,Union ensemble,Va_MILDLY_HIGH_STABLE,(all),360,65.55555555555556,60.50580440426539,70.27682188145894
test lots,L4c,Union ensemble,Vb_EXTREME_LEVEL,(all),67,100.0,94.57719757882373,99.99999999999999
all lots,L0,Static datasheet limits,GOOD,(all),112460,0.0035568202027387516,0.0013831639666731692,0.009146086885451378
all lots,L0,Static datasheet limits,III_CENTRE_HIDER,(all),60,0.0,0.0,6.0173930477932895
all lots,L0,Static datasheet limits,III_CENTRE_HIDER,severe,17,0.0,0.0,18.432366037156456
all lots,L0,Static datasheet limits,III_CENTRE_HIDER,moderate,22,0.0,1.1814722454179234e-15,14.865952572596122
all lots,L0,Static datasheet limits,III_CENTRE_HIDER,mild,21,0.0,0.0,15.464382326420195
all lots,L0,Static datasheet limits,II_STEP_DEFECT,(all),600,0.0,0.0,0.6361933328210576
all lots,L0,Static datasheet limits,IV_CORRELATION_BREAK,(all),420,0.0,0.0,0.9063763443701609
all lots,L0,Static datasheet limits,IV_CORRELATION_BREAK,severe,149,0.0,0.0,2.5134518351024853
all lots,L0,Static datasheet limits,IV_CORRELATION_BREAK,moderate,130,0.0,0.0,2.870258574314712
all lots,L0,Static datasheet limits,IV_CORRELATION_BREAK,mild,141,0.0,0.0,2.652276693988467
all lots,L0,Static datasheet limits,I_STEEP_DRIFTER,(all),720,0.0,0.0,0.5307238489746927
all lots,L0,Static datasheet limits,VII_FIXTURE_ARTIFACT,(all),640,0.0,0.0,0.5966684973446885
all lots,L0,Static datasheet limits,VI_LOT_SHIFT,(all),3000,0.0,1.082815591027341e-17,0.1278895664804695
all lots,L0,Static datasheet limits,Va_MILDLY_HIGH_STABLE,(all),1800,0.0,2.1637863440713506e-17,0.21296770182038158
all lots,L0,Static datasheet limits,Vb_EXTREME_LEVEL,(all),300,0.0,0.0,1.264342999773566
all lots,L1a,"DPAT static, MAD",GOOD,(all),112460,4.867508447447982,4.743273454473983,4.994826759950846
all lots,L1a,"DPAT static, MAD",III_CENTRE_HIDER,(all),60,5.0,1.7149191179141212,13.700734625099836
all lots,L1a,"DPAT static, MAD",III_CENTRE_HIDER,severe,17,0.0,0.0,18.432366037156456
all lots,L1a,"DPAT static, MAD",III_CENTRE_HIDER,moderate,22,4.545454545454546,0.8069219301147859,21.798489499518055
all lots,L1a,"DPAT static, MAD",III_CENTRE_HIDER,mild,21,9.523809523809524,2.6518208796947227,28.91458386074067
all lots,L1a,"DPAT static, MAD",II_STEP_DEFECT,(all),600,25.333333333333332,22.01771489129341,28.96280715289832
all lots,L1a,"DPAT static, MAD",IV_CORRELATION_BREAK,(all),420,15.476190476190476,12.331609226175043,19.24660301160436
all lots,L1a,"DPAT static, MAD",IV_CORRELATION_BREAK,severe,149,32.88590604026846,25.855522760037196,40.77659833788379
all lots,L1a,"DPAT static, MAD",IV_CORRELATION_BREAK,moderate,130,10.0,5.937492270353046,16.35871458909872
all lots,L1a,"DPAT static, MAD",IV_CORRELATION_BREAK,mild,141,2.127659574468085,0.7261812344253542,6.06855177045722
all lots,L1a,"DPAT static, MAD",I_STEEP_DRIFTER,(all),720,43.888888888888886,40.30594572457887,47.536698301406915
all lots,L1a,"DPAT static, MAD",VII_FIXTURE_ARTIFACT,(all),640,15.0,12.44276546988082,17.974902478260464
all lots,L1a,"DPAT static, MAD",VI_LOT_SHIFT,(all),3000,59.06666666666667,57.29659396316479,60.81354872878009
all lots,L1a,"DPAT static, MAD",Va_MILDLY_HIGH_STABLE,(all),1800,50.611111111111114,48.30256043616872,52.91705884747569
all lots,L1a,"DPAT static, MAD",Vb_EXTREME_LEVEL,(all),300,99.66666666666667,98.13628354450567,99.94113574238594
all lots,L1b,"DPAT dynamic, MAD",GOOD,(all),112460,5.911435176951805,5.775096366494952,6.050785988923361
all lots,L1b,"DPAT dynamic, MAD",III_CENTRE_HIDER,(all),60,0.0,0.0,6.0173930477932895
all lots,L1b,"DPAT dynamic, MAD",III_CENTRE_HIDER,severe,17,0.0,0.0,18.432366037156456
all lots,L1b,"DPAT dynamic, MAD",III_CENTRE_HIDER,moderate,22,0.0,1.1814722454179234e-15,14.865952572596122
all lots,L1b,"DPAT dynamic, MAD",III_CENTRE_HIDER,mild,21,0.0,0.0,15.464382326420195
all lots,L1b,"DPAT dynamic, MAD",II_STEP_DEFECT,(all),600,47.333333333333336,43.36785191393532,51.33274506381514
all lots,L1b,"DPAT dynamic, MAD",IV_CORRELATION_BREAK,(all),420,20.952380952380953,17.332229390718247,25.099094009344427
all lots,L1b,"DPAT dynamic, MAD",IV_CORRELATION_BREAK,severe,149,56.375838926174495,48.351729634174525,64.07944093718824
all lots,L1b,"DPAT dynamic, MAD",IV_CORRELATION_BREAK,moderate,130,3.076923076923077,1.202908970364043,7.644564460915918
all lots,L1b,"DPAT dynamic, MAD",IV_CORRELATION_BREAK,mild,141,0.0,0.0,2.652276693988467
all lots,L1b,"DPAT dynamic, MAD",I_STEEP_DRIFTER,(all),720,57.083333333333336,53.439741762112995,60.65173902594892
all lots,L1b,"DPAT dynamic, MAD",VII_FIXTURE_ARTIFACT,(all),640,21.5625,18.550936327155995,24.9134188807088
all lots,L1b,"DPAT dynamic, MAD",VI_LOT_SHIFT,(all),3000,5.733333333333333,4.956639257831242,6.623252305026135
all lots,L1b,"DPAT dynamic, MAD",Va_MILDLY_HIGH_STABLE,(all),1800,71.94444444444444,69.8238698779583,73.9715498529094
all lots,L1b,"DPAT dynamic, MAD",Vb_EXTREME_LEVEL,(all),300,100.0,98.73565700022642,99.99999999999997
all lots,L1c,"DPAT dynamic, all 4 estimators",GOOD,(all),112460,5.971901120398364,5.834901682530267,6.111908428925147
all lots,L1c,"DPAT dynamic, all 4 estimators",III_CENTRE_HIDER,(all),60,0.0,0.0,6.0173930477932895
all lots,L1c,"DPAT dynamic, all 4 estimators",III_CENTRE_HIDER,severe,17,0.0,0.0,18.432366037156456
all lots,L1c,"DPAT dynamic, all 4 estimators",III_CENTRE_HIDER,moderate,22,0.0,1.1814722454179234e-15,14.865952572596122
all lots,L1c,"DPAT dynamic, all 4 estimators",III_CENTRE_HIDER,mild,21,0.0,0.0,15.464382326420195
all lots,L1c,"DPAT dynamic, all 4 estimators",II_STEP_DEFECT,(all),600,43.333333333333336,39.423040872519,47.32845157185715
all lots,L1c,"DPAT dynamic, all 4 estimators",IV_CORRELATION_BREAK,(all),420,24.285714285714285,20.42970593782163,28.607859039283028
all lots,L1c,"DPAT dynamic, all 4 estimators",IV_CORRELATION_BREAK,severe,149,67.11409395973155,59.22340166211622,74.14447723996281
all lots,L1c,"DPAT dynamic, all 4 estimators",IV_CORRELATION_BREAK,moderate,130,1.5384615384615385,0.42291172310416114,5.435954279693175
all lots,L1c,"DPAT dynamic, all 4 estimators",IV_CORRELATION_BREAK,mild,141,0.0,0.0,2.652276693988467
all lots,L1c,"DPAT dynamic, all 4 estimators",I_STEEP_DRIFTER,(all),720,56.25,52.60270711546026,59.830952403417896
all lots,L1c,"DPAT dynamic, all 4 estimators",VII_FIXTURE_ARTIFACT,(all),640,18.75,15.91575723815051,21.957160572689922
all lots,L1c,"DPAT dynamic, all 4 estimators",VI_LOT_SHIFT,(all),3000,6.6,5.765873167710579,7.545134975994471
all lots,L1c,"DPAT dynamic, all 4 estimators",Va_MILDLY_HIGH_STABLE,(all),1800,67.77777777777777,65.58294145024176,69.89689225577767
all lots,L1c,"DPAT dynamic, all 4 estimators",Vb_EXTREME_LEVEL,(all),300,100.0,98.73565700022642,99.99999999999997
all lots,L2,DPAT on trajectory features,GOOD,(all),112460,5.930108483016183,5.793565223424187,6.069662468417349
all lots,L2,DPAT on trajectory features,III_CENTRE_HIDER,(all),60,0.0,0.0,6.0173930477932895
all lots,L2,DPAT on trajectory features,III_CENTRE_HIDER,severe,17,0.0,0.0,18.432366037156456
all lots,L2,DPAT on trajectory features,III_CENTRE_HIDER,moderate,22,0.0,1.1814722454179234e-15,14.865952572596122
all lots,L2,DPAT on trajectory features,III_CENTRE_HIDER,mild,21,0.0,0.0,15.464382326420195
all lots,L2,DPAT on trajectory features,II_STEP_DEFECT,(all),600,91.33333333333333,88.81095500506207,93.32979183980585
all lots,L2,DPAT on trajectory features,IV_CORRELATION_BREAK,(all),420,10.714285714285714,8.104307097454083,14.036417173122471
all lots,L2,DPAT on trajectory features,IV_CORRELATION_BREAK,severe,149,20.80536912751678,15.062130950665816,28.016193275199395
all lots,L2,DPAT on trajectory features,IV_CORRELATION_BREAK,moderate,130,7.6923076923076925,4.231697987575296,13.581597729152534
all lots,L2,DPAT on trajectory features,IV_CORRELATION_BREAK,mild,141,2.8368794326241136,1.108601678537556,7.066950096643054
all lots,L2,DPAT on trajectory features,I_STEEP_DRIFTER,(all),720,99.02777777777777,98.006871934755,99.52827940222258
all lots,L2,DPAT on trajectory features,VII_FIXTURE_ARTIFACT,(all),640,85.15625,82.19219272632142,87.70077473648311
all lots,L2,DPAT on trajectory features,VI_LOT_SHIFT,(all),3000,6.1,5.298419355022363,7.013867684347491
all lots,L2,DPAT on trajectory features,Va_MILDLY_HIGH_STABLE,(all),1800,47.55555555555556,45.25609352405816,49.86542934136417
all lots,L2,DPAT on trajectory features,Vb_EXTREME_LEVEL,(all),300,99.66666666666667,98.13628354450567,99.94113574238594
all lots,L3a,Mahalanobis + MCD,GOOD,(all),112460,5.958563044638094,5.82170898634407,6.098425884809042
all lots,L3a,Mahalanobis + MCD,III_CENTRE_HIDER,(all),60,71.66666666666667,59.23247495026483,81.49332139569141
all lots,L3a,Mahalanobis + MCD,III_CENTRE_HIDER,severe,17,88.23529411764706,65.66315750229009,96.71209199870792
all lots,L3a,Mahalanobis + MCD,III_CENTRE_HIDER,moderate,22,63.63636363636363,42.95134934371804,80.2670272273921
all lots,L3a,Mahalanobis + MCD,III_CENTRE_HIDER,mild,21,66.66666666666667,45.37307565721029,82.8054635673163
all lots,L3a,Mahalanobis + MCD,II_STEP_DEFECT,(all),600,51.833333333333336,47.83624808047173,55.80709149732483
all lots,L3a,Mahalanobis + MCD,IV_CORRELATION_BREAK,(all),420,96.66666666666667,94.4831643056493,98.00421777293856
all lots,L3a,Mahalanobis + MCD,IV_CORRELATION_BREAK,severe,149,100.0,97.48654816489751,100.0
all lots,L3a,Mahalanobis + MCD,IV_CORRELATION_BREAK,moderate,130,100.0,97.12974142568528,100.0
all lots,L3a,Mahalanobis + MCD,IV_CORRELATION_BREAK,mild,141,90.0709219858156,84.02321307958765,93.99304744225138
all lots,L3a,Mahalanobis + MCD,I_STEEP_DRIFTER,(all),720,44.861111111111114,41.26503161444461,48.511737225588895
all lots,L3a,Mahalanobis + MCD,VII_FIXTURE_ARTIFACT,(all),640,41.5625,37.80568351272484,45.42000429620209
all lots,L3a,Mahalanobis + MCD,VI_LOT_SHIFT,(all),3000,5.566666666666666,4.80159348645424,6.44539104162474
all lots,L3a,Mahalanobis + MCD,Va_MILDLY_HIGH_STABLE,(all),1800,62.166666666666664,59.9025392142705,64.37897197828656
all lots,L3a,Mahalanobis + MCD,Vb_EXTREME_LEVEL,(all),300,100.0,98.73565700022642,99.99999999999997
all lots,L3b,PCA T2 + Q-residual,GOOD,(all),112460,5.866085719366886,5.730245048375253,6.004941490015235
all lots,L3b,PCA T2 + Q-residual,III_CENTRE_HIDER,(all),60,1.6666666666666667,0.2948083860873681,8.855338226779478
all lots,L3b,PCA T2 + Q-residual,III_CENTRE_HIDER,severe,17,0.0,0.0,18.432366037156456
all lots,L3b,PCA T2 + Q-residual,III_CENTRE_HIDER,moderate,22,0.0,1.1814722454179234e-15,14.865952572596122
all lots,L3b,PCA T2 + Q-residual,III_CENTRE_HIDER,mild,21,4.761904761904762,0.8455769471923295,22.669816586235463
all lots,L3b,PCA T2 + Q-residual,II_STEP_DEFECT,(all),600,91.16666666666667,88.6261947952134,93.18333936076394
all lots,L3b,PCA T2 + Q-residual,IV_CORRELATION_BREAK,(all),420,74.04761904761905,69.65048847468634,78.00882575968802
all lots,L3b,PCA T2 + Q-residual,IV_CORRELATION_BREAK,severe,149,100.0,97.48654816489751,100.0
all lots,L3b,PCA T2 + Q-residual,IV_CORRELATION_BREAK,moderate,130,97.6923076923077,93.43469804875119,99.21213223421015
all lots,L3b,PCA T2 + Q-residual,IV_CORRELATION_BREAK,mild,141,24.822695035460992,18.423632849537174,32.55730080488256
all lots,L3b,PCA T2 + Q-residual,I_STEEP_DRIFTER,(all),720,98.47222222222223,97.28511918874825,99.14481796877351
all lots,L3b,PCA T2 + Q-residual,VII_FIXTURE_ARTIFACT,(all),640,86.25,83.36483190774118,88.70258343168395
all lots,L3b,PCA T2 + Q-residual,VI_LOT_SHIFT,(all),3000,5.5,4.739631916062903,6.374189798104716
all lots,L3b,PCA T2 + Q-residual,Va_MILDLY_HIGH_STABLE,(all),1800,52.166666666666664,49.85679398900493,54.46731074391619
all lots,L3b,PCA T2 + Q-residual,Vb_EXTREME_LEVEL,(all),300,99.33333333333333,97.60219257685385,99.8169889967029
all lots,L3b-Q,PCA Q-residual alone,GOOD,(all),112460,6.146185310332562,6.007303973193854,6.288062611544971
all lots,L3b-Q,PCA Q-residual alone,III_CENTRE_HIDER,(all),60,66.66666666666667,54.05662986666339,77.27090578407217
all lots,L3b-Q,PCA Q-residual alone,III_CENTRE_HIDER,severe,17,82.3529411764706,58.97007098262422,93.80898628745102
all lots,L3b-Q,PCA Q-residual alone,III_CENTRE_HIDER,moderate,22,72.72727272727273,51.847876300998024,86.84941798418556
all lots,L3b-Q,PCA Q-residual alone,III_CENTRE_HIDER,mild,21,47.61904761904762,28.343712296762945,67.63078209973324
all lots,L3b-Q,PCA Q-residual alone,II_STEP_DEFECT,(all),600,97.66666666666667,96.12173186790244,98.60509715480816
all lots,L3b-Q,PCA Q-residual alone,IV_CORRELATION_BREAK,(all),420,10.238095238095237,7.689983113075785,13.506992360780485
all lots,L3b-Q,PCA Q-residual alone,IV_CORRELATION_BREAK,severe,149,25.503355704697988,19.181305585221676,33.05682853533189
all lots,L3b-Q,PCA Q-residual alone,IV_CORRELATION_BREAK,moderate,130,2.3076923076923075,0.7878677657898407,6.5653019512488076
all lots,L3b-Q,PCA Q-residual alone,IV_CORRELATION_BREAK,mild,141,1.4184397163120568,0.38984498145607627,5.024069253128463
all lots,L3b-Q,PCA Q-residual alone,I_STEEP_DRIFTER,(all),720,97.22222222222223,95.74845415627807,98.19475109746804
all lots,L3b-Q,PCA Q-residual alone,VII_FIXTURE_ARTIFACT,(all),640,81.5625,78.37280717173152,84.37554583931966
all lots,L3b-Q,PCA Q-residual alone,VI_LOT_SHIFT,(all),3000,5.366666666666666,4.615809096934912,6.231686989409988
all lots,L3b-Q,PCA Q-residual alone,Va_MILDLY_HIGH_STABLE,(all),1800,36.55555555555556,34.361561806684065,38.80681395313875
all lots,L3b-Q,PCA Q-residual alone,Vb_EXTREME_LEVEL,(all),300,98.0,95.70598132699449,99.08024939322289
all lots,L3c,kNN distance,GOOD,(all),112460,5.849190823403877,5.713536324386631,5.9878615762876075
all lots,L3c,kNN distance,III_CENTRE_HIDER,(all),60,1.6666666666666667,0.2948083860873681,8.855338226779478
all lots,L3c,kNN distance,III_CENTRE_HIDER,severe,17,0.0,0.0,18.432366037156456
all lots,L3c,kNN distance,III_CENTRE_HIDER,moderate,22,0.0,1.1814722454179234e-15,14.865952572596122
all lots,L3c,kNN distance,III_CENTRE_HIDER,mild,21,4.761904761904762,0.8455769471923295,22.669816586235463
all lots,L3c,kNN distance,II_STEP_DEFECT,(all),600,91.33333333333333,88.81095500506207,93.32979183980585
all lots,L3c,kNN distance,IV_CORRELATION_BREAK,(all),420,61.42857142857143,56.68965384104852,65.96031728023831
all lots,L3c,kNN distance,IV_CORRELATION_BREAK,severe,149,99.32885906040268,96.29657210400327,99.88143179022451
all lots,L3c,kNN distance,IV_CORRELATION_BREAK,moderate,130,71.53846153846153,63.25061282847675,78.58989117027998
all lots,L3c,kNN distance,IV_CORRELATION_BREAK,mild,141,12.056737588652481,7.665405308915482,18.460790480139597
all lots,L3c,kNN distance,I_STEEP_DRIFTER,(all),720,99.58333333333333,98.78216624668026,99.85819926975317
all lots,L3c,kNN distance,VII_FIXTURE_ARTIFACT,(all),640,89.6875,87.08962190814675,91.8117724720859
all lots,L3c,kNN distance,VI_LOT_SHIFT,(all),3000,4.833333333333333,4.121945893637545,5.660247681416481
all lots,L3c,kNN distance,Va_MILDLY_HIGH_STABLE,(all),1800,53.111111111111114,50.80152577208893,55.40744512646446
all lots,L3c,kNN distance,Vb_EXTREME_LEVEL,(all),300,99.33333333333333,97.60219257685385,99.8169889967029
all lots,L4a,Isolation Forest,GOOD,(all),112460,5.454383780899875,5.323174598006422,5.588636189719684
all lots,L4a,Isolation Forest,III_CENTRE_HIDER,(all),60,0.0,0.0,6.0173930477932895
all lots,L4a,Isolation Forest,III_CENTRE_HIDER,severe,17,0.0,0.0,18.432366037156456
all lots,L4a,Isolation Forest,III_CENTRE_HIDER,moderate,22,0.0,1.1814722454179234e-15,14.865952572596122
all lots,L4a,Isolation Forest,III_CENTRE_HIDER,mild,21,0.0,0.0,15.464382326420195
all lots,L4a,Isolation Forest,II_STEP_DEFECT,(all),600,75.66666666666667,72.0769508421195,78.92980324703238
all lots,L4a,Isolation Forest,IV_CORRELATION_BREAK,(all),420,26.666666666666668,22.66277548767517,31.093533473030902
all lots,L4a,Isolation Forest,IV_CORRELATION_BREAK,severe,149,60.40268456375839,52.38333775445665,67.89909844092472
all lots,L4a,Isolation Forest,IV_CORRELATION_BREAK,moderate,130,14.615384615384615,9.560570341282686,21.70145880361695
all lots,L4a,Isolation Forest,IV_CORRELATION_BREAK,mild,141,2.127659574468085,0.7261812344253542,6.06855177045722
all lots,L4a,Isolation Forest,I_STEEP_DRIFTER,(all),720,84.30555555555556,81.46730461305413,86.77967096834378
all lots,L4a,Isolation Forest,VII_FIXTURE_ARTIFACT,(all),640,85.0,82.02509752173954,87.55723453011919
all lots,L4a,Isolation Forest,VI_LOT_SHIFT,(all),3000,4.6,3.9066620005929305,5.4094617257713375
all lots,L4a,Isolation Forest,Va_MILDLY_HIGH_STABLE,(all),1800,79.83333333333333,77.91702772304416,81.62256821486969
all lots,L4a,Isolation Forest,Vb_EXTREME_LEVEL,(all),300,76.0,70.8577815254188,80.48476011469896
all lots,L4b,Autoencoder,GOOD,(all),112460,6.5276542770762935,6.384763984963554,6.6735144724211
all lots,L4b,Autoencoder,III_CENTRE_HIDER,(all),60,10.0,4.664219945723588,20.149694492511045
all lots,L4b,Autoencoder,III_CENTRE_HIDER,severe,17,5.882352941176471,1.0460130645164236,26.982545203562797
all lots,L4b,Autoencoder,III_CENTRE_HIDER,moderate,22,13.636363636363637,4.748917264236267,33.335411879469994
all lots,L4b,Autoencoder,III_CENTRE_HIDER,mild,21,9.523809523809524,2.6518208796947227,28.91458386074067
all lots,L4b,Autoencoder,II_STEP_DEFECT,(all),600,91.83333333333333,89.36671427080688,93.76767064073283
all lots,L4b,Autoencoder,IV_CORRELATION_BREAK,(all),420,74.76190476190476,70.39593323580388,78.6790041936509
all lots,L4b,Autoencoder,IV_CORRELATION_BREAK,severe,149,100.0,97.48654816489751,100.0
all lots,L4b,Autoencoder,IV_CORRELATION_BREAK,moderate,130,93.84615384615384,88.3262024591287,96.84910925262609
all lots,L4b,Autoencoder,IV_CORRELATION_BREAK,mild,141,30.49645390070922,23.498054732370267,38.529429084433744
all lots,L4b,Autoencoder,I_STEEP_DRIFTER,(all),720,98.75,97.64153547907445,99.34100876817521
all lots,L4b,Autoencoder,VII_FIXTURE_ARTIFACT,(all),640,73.4375,69.88317622937247,76.71213541249722
all lots,L4b,Autoencoder,VI_LOT_SHIFT,(all),3000,7.7,6.79918867614947,8.709005897093009
all lots,L4b,Autoencoder,Va_MILDLY_HIGH_STABLE,(all),1800,11.722222222222221,10.316979892985863,13.290503158741076
all lots,L4b,Autoencoder,Vb_EXTREME_LEVEL,(all),300,100.0,98.73565700022642,99.99999999999997
all lots,L4b',LOF,GOOD,(all),112460,6.86644140138716,6.720109431718904,7.015720129344216
all lots,L4b',LOF,III_CENTRE_HIDER,(all),60,3.3333333333333335,0.9189126490150245,11.363987528925378
all lots,L4b',LOF,III_CENTRE_HIDER,severe,17,5.882352941176471,1.0460130645164236,26.982545203562797
all lots,L4b',LOF,III_CENTRE_HIDER,moderate,22,0.0,1.1814722454179234e-15,14.865952572596122
all lots,L4b',LOF,III_CENTRE_HIDER,mild,21,4.761904761904762,0.8455769471923295,22.669816586235463
all lots,L4b',LOF,II_STEP_DEFECT,(all),600,92.0,89.55248244456183,93.9131151558685
all lots,L4b',LOF,IV_CORRELATION_BREAK,(all),420,78.33333333333333,74.14598343472456,82.00706997013236
all lots,L4b',LOF,IV_CORRELATION_BREAK,severe,149,100.0,97.48654816489751,100.0
all lots,L4b',LOF,IV_CORRELATION_BREAK,moderate,130,99.23076923076923,95.77135163674924,99.86408607469473
all lots,L4b',LOF,IV_CORRELATION_BREAK,mild,141,36.170212765957444,28.703203210932717,44.37083076825559
all lots,L4b',LOF,I_STEEP_DRIFTER,(all),720,99.86111111111111,99.21749348331967,99.97547912284166
all lots,L4b',LOF,VII_FIXTURE_ARTIFACT,(all),640,25.9375,22.692476031506448,29.469670682840693
all lots,L4b',LOF,VI_LOT_SHIFT,(all),3000,7.0,6.140888988629813,7.969096038543394
all lots,L4b',LOF,Va_MILDLY_HIGH_STABLE,(all),1800,8.61111111111111,7.401666041844943,9.996846111328596
all lots,L4b',LOF,Vb_EXTREME_LEVEL,(all),300,99.66666666666667,98.13628354450567,99.94113574238594
all lots,L4c,Union ensemble,GOOD,(all),112460,5.718477680953228,5.584274570766671,5.85570597494501
all lots,L4c,Union ensemble,III_CENTRE_HIDER,(all),60,46.666666666666664,34.627701540988,59.106791328864894
all lots,L4c,Union ensemble,III_CENTRE_HIDER,severe,17,64.70588235294117,41.29996672121182,82.69051385609511
all lots,L4c,Union ensemble,III_CENTRE_HIDER,moderate,22,45.45454545454545,26.920014432004848,65.34052671095844
all lots,L4c,Union ensemble,III_CENTRE_HIDER,mild,21,33.333333333333336,17.194536432683687,54.6269243427897
all lots,L4c,Union ensemble,II_STEP_DEFECT,(all),600,94.83333333333333,92.75966463323094,96.33654867833953
all lots,L4c,Union ensemble,IV_CORRELATION_BREAK,(all),420,81.66666666666667,77.68467143526183,85.07462354663707
all lots,L4c,Union ensemble,IV_CORRELATION_BREAK,severe,149,100.0,97.48654816489751,100.0
all lots,L4c,Union ensemble,IV_CORRELATION_BREAK,moderate,130,100.0,97.12974142568528,100.0
all lots,L4c,Union ensemble,IV_CORRELATION_BREAK,mild,141,45.39007092198582,37.40319479510024,53.621483197962526
all lots,L4c,Union ensemble,I_STEEP_DRIFTER,(all),720,99.58333333333333,98.78216624668026,99.85819926975317
all lots,L4c,Union ensemble,VII_FIXTURE_ARTIFACT,(all),640,82.8125,79.69593897400786,85.53749732460969
all lots,L4c,Union ensemble,VI_LOT_SHIFT,(all),3000,4.8,4.091160333821434,5.624451834276912
all lots,L4c,Union ensemble,Va_MILDLY_HIGH_STABLE,(all),1800,63.833333333333336,61.586323904842736,66.02142169765362
all lots,L4c,Union ensemble,Vb_EXTREME_LEVEL,(all),300,100.0,98.73565700022642,99.99999999999997
