scope,rung,defect_type,severity,n,flagged_%
test lots,C0,GOOD,(all),23085,0.0
test lots,C0,III_CENTRE_HIDER,(all),8,0.0
test lots,C0,III_CENTRE_HIDER,severe,2,0.0
test lots,C0,III_CENTRE_HIDER,moderate,4,0.0
test lots,C0,III_CENTRE_HIDER,mild,2,0.0
test lots,C0,II_STEP_DEFECT,(all),124,0.0
test lots,C0,IV_CORRELATION_BREAK,(all),73,0.0
test lots,C0,IV_CORRELATION_BREAK,severe,28,0.0
test lots,C0,IV_CORRELATION_BREAK,moderate,17,0.0
test lots,C0,IV_CORRELATION_BREAK,mild,28,0.0
test lots,C0,I_STEEP_DRIFTER,(all),155,0.0
test lots,C0,VII_FIXTURE_ARTIFACT,(all),128,0.0
test lots,C0,Va_MILDLY_HIGH_STABLE,(all),360,0.0
test lots,C0,Vb_EXTREME_LEVEL,(all),67,0.0
all lots,C0,GOOD,(all),112460,0.0035568202027387516
all lots,C0,III_CENTRE_HIDER,(all),60,0.0
all lots,C0,III_CENTRE_HIDER,severe,17,0.0
all lots,C0,III_CENTRE_HIDER,moderate,22,0.0
all lots,C0,III_CENTRE_HIDER,mild,21,0.0
all lots,C0,II_STEP_DEFECT,(all),600,0.0
all lots,C0,IV_CORRELATION_BREAK,(all),420,0.0
all lots,C0,IV_CORRELATION_BREAK,severe,149,0.0
all lots,C0,IV_CORRELATION_BREAK,moderate,130,0.0
all lots,C0,IV_CORRELATION_BREAK,mild,141,0.0
all lots,C0,I_STEEP_DRIFTER,(all),720,0.0
all lots,C0,VII_FIXTURE_ARTIFACT,(all),640,0.0
all lots,C0,VI_LOT_SHIFT,(all),3000,0.0
all lots,C0,Va_MILDLY_HIGH_STABLE,(all),1800,0.0
all lots,C0,Vb_EXTREME_LEVEL,(all),300,0.0
test lots,C1,GOOD,(all),23085,5.8956032055447265
test lots,C1,III_CENTRE_HIDER,(all),8,0.0
test lots,C1,III_CENTRE_HIDER,severe,2,0.0
test lots,C1,III_CENTRE_HIDER,moderate,4,0.0
test lots,C1,III_CENTRE_HIDER,mild,2,0.0
test lots,C1,II_STEP_DEFECT,(all),124,45.96774193548387
test lots,C1,IV_CORRELATION_BREAK,(all),73,21.91780821917808
test lots,C1,IV_CORRELATION_BREAK,severe,28,53.57142857142857
test lots,C1,IV_CORRELATION_BREAK,moderate,17,5.88235294117647
test lots,C1,IV_CORRELATION_BREAK,mild,28,0.0
test lots,C1,I_STEEP_DRIFTER,(all),155,59.354838709677416
test lots,C1,VII_FIXTURE_ARTIFACT,(all),128,17.1875
test lots,C1,Va_MILDLY_HIGH_STABLE,(all),360,74.44444444444444
test lots,C1,Vb_EXTREME_LEVEL,(all),67,100.0
all lots,C1,GOOD,(all),112460,5.778054419349102
all lots,C1,III_CENTRE_HIDER,(all),60,0.0
all lots,C1,III_CENTRE_HIDER,severe,17,0.0
all lots,C1,III_CENTRE_HIDER,moderate,22,0.0
all lots,C1,III_CENTRE_HIDER,mild,21,0.0
all lots,C1,II_STEP_DEFECT,(all),600,46.666666666666664
all lots,C1,IV_CORRELATION_BREAK,(all),420,20.952380952380953
all lots,C1,IV_CORRELATION_BREAK,severe,149,56.375838926174495
all lots,C1,IV_CORRELATION_BREAK,moderate,130,3.076923076923077
all lots,C1,IV_CORRELATION_BREAK,mild,141,0.0
all lots,C1,I_STEEP_DRIFTER,(all),720,56.666666666666664
all lots,C1,VII_FIXTURE_ARTIFACT,(all),640,21.25
all lots,C1,VI_LOT_SHIFT,(all),3000,5.566666666666667
all lots,C1,Va_MILDLY_HIGH_STABLE,(all),1800,71.44444444444444
all lots,C1,Vb_EXTREME_LEVEL,(all),300,100.0
test lots,C2,GOOD,(all),23085,5.7786441412172405
test lots,C2,III_CENTRE_HIDER,(all),8,0.0
test lots,C2,III_CENTRE_HIDER,severe,2,0.0
test lots,C2,III_CENTRE_HIDER,moderate,4,0.0
test lots,C2,III_CENTRE_HIDER,mild,2,0.0
test lots,C2,II_STEP_DEFECT,(all),124,88.70967741935483
test lots,C2,IV_CORRELATION_BREAK,(all),73,13.698630136986301
test lots,C2,IV_CORRELATION_BREAK,severe,28,35.714285714285715
test lots,C2,IV_CORRELATION_BREAK,moderate,17,0.0
test lots,C2,IV_CORRELATION_BREAK,mild,28,0.0
test lots,C2,I_STEEP_DRIFTER,(all),155,99.35483870967742
test lots,C2,VII_FIXTURE_ARTIFACT,(all),128,79.6875
test lots,C2,Va_MILDLY_HIGH_STABLE,(all),360,59.72222222222222
test lots,C2,Vb_EXTREME_LEVEL,(all),67,100.0
all lots,C2,GOOD,(all),112460,5.752267472879246
all lots,C2,III_CENTRE_HIDER,(all),60,0.0
all lots,C2,III_CENTRE_HIDER,severe,17,0.0
all lots,C2,III_CENTRE_HIDER,moderate,22,0.0
all lots,C2,III_CENTRE_HIDER,mild,21,0.0
all lots,C2,II_STEP_DEFECT,(all),600,91.33333333333333
all lots,C2,IV_CORRELATION_BREAK,(all),420,14.285714285714285
all lots,C2,IV_CORRELATION_BREAK,severe,149,32.88590604026846
all lots,C2,IV_CORRELATION_BREAK,moderate,130,5.384615384615385
all lots,C2,IV_CORRELATION_BREAK,mild,141,2.8368794326241136
all lots,C2,I_STEEP_DRIFTER,(all),720,99.02777777777779
all lots,C2,VII_FIXTURE_ARTIFACT,(all),640,84.21875
all lots,C2,VI_LOT_SHIFT,(all),3000,5.666666666666666
all lots,C2,Va_MILDLY_HIGH_STABLE,(all),1800,54.55555555555556
all lots,C2,Vb_EXTREME_LEVEL,(all),300,100.0
test lots,C3,GOOD,(all),23085,5.83928958197964
test lots,C3,III_CENTRE_HIDER,(all),8,25.0
test lots,C3,III_CENTRE_HIDER,severe,2,50.0
test lots,C3,III_CENTRE_HIDER,moderate,4,25.0
test lots,C3,III_CENTRE_HIDER,mild,2,0.0
test lots,C3,II_STEP_DEFECT,(all),124,93.54838709677419
test lots,C3,IV_CORRELATION_BREAK,(all),73,76.71232876712328
test lots,C3,IV_CORRELATION_BREAK,severe,28,100.0
test lots,C3,IV_CORRELATION_BREAK,moderate,17,100.0
test lots,C3,IV_CORRELATION_BREAK,mild,28,39.285714285714285
test lots,C3,I_STEEP_DRIFTER,(all),155,100.0
test lots,C3,VII_FIXTURE_ARTIFACT,(all),128,81.25
test lots,C3,Va_MILDLY_HIGH_STABLE,(all),360,55.27777777777778
test lots,C3,Vb_EXTREME_LEVEL,(all),67,100.0
all lots,C3,GOOD,(all),112460,5.9701227102969945
all lots,C3,III_CENTRE_HIDER,(all),60,60.0
all lots,C3,III_CENTRE_HIDER,severe,17,82.35294117647058
all lots,C3,III_CENTRE_HIDER,moderate,22,50.0
all lots,C3,III_CENTRE_HIDER,mild,21,52.38095238095239
all lots,C3,II_STEP_DEFECT,(all),600,95.0
all lots,C3,IV_CORRELATION_BREAK,(all),420,82.85714285714286
all lots,C3,IV_CORRELATION_BREAK,severe,149,100.0
all lots,C3,IV_CORRELATION_BREAK,moderate,130,100.0
all lots,C3,IV_CORRELATION_BREAK,mild,141,48.93617021276596
all lots,C3,I_STEEP_DRIFTER,(all),720,99.86111111111111
all lots,C3,VII_FIXTURE_ARTIFACT,(all),640,84.6875
all lots,C3,VI_LOT_SHIFT,(all),3000,5.066666666666666
all lots,C3,Va_MILDLY_HIGH_STABLE,(all),1800,51.5
all lots,C3,Vb_EXTREME_LEVEL,(all),300,100.0
test lots,C4,GOOD,(all),23085,5.83928958197964
test lots,C4,III_CENTRE_HIDER,(all),8,25.0
test lots,C4,III_CENTRE_HIDER,severe,2,50.0
test lots,C4,III_CENTRE_HIDER,moderate,4,25.0
test lots,C4,III_CENTRE_HIDER,mild,2,0.0
test lots,C4,II_STEP_DEFECT,(all),124,93.54838709677419
test lots,C4,IV_CORRELATION_BREAK,(all),73,73.97260273972603
test lots,C4,IV_CORRELATION_BREAK,severe,28,100.0
test lots,C4,IV_CORRELATION_BREAK,moderate,17,100.0
test lots,C4,IV_CORRELATION_BREAK,mild,28,32.142857142857146
test lots,C4,I_STEEP_DRIFTER,(all),155,100.0
test lots,C4,VII_FIXTURE_ARTIFACT,(all),128,82.03125
test lots,C4,Va_MILDLY_HIGH_STABLE,(all),360,55.00000000000001
test lots,C4,Vb_EXTREME_LEVEL,(all),67,100.0
all lots,C4,GOOD,(all),112460,5.8456340032011385
all lots,C4,III_CENTRE_HIDER,(all),60,53.333333333333336
all lots,C4,III_CENTRE_HIDER,severe,17,76.47058823529412
all lots,C4,III_CENTRE_HIDER,moderate,22,45.45454545454545
all lots,C4,III_CENTRE_HIDER,mild,21,42.857142857142854
all lots,C4,II_STEP_DEFECT,(all),600,94.83333333333334
all lots,C4,IV_CORRELATION_BREAK,(all),420,81.66666666666667
all lots,C4,IV_CORRELATION_BREAK,severe,149,100.0
all lots,C4,IV_CORRELATION_BREAK,moderate,130,100.0
all lots,C4,IV_CORRELATION_BREAK,mild,141,45.39007092198582
all lots,C4,I_STEEP_DRIFTER,(all),720,100.0
all lots,C4,VII_FIXTURE_ARTIFACT,(all),640,85.78125
all lots,C4,VI_LOT_SHIFT,(all),3000,5.066666666666666
all lots,C4,Va_MILDLY_HIGH_STABLE,(all),1800,52.05555555555556
all lots,C4,Vb_EXTREME_LEVEL,(all),300,100.0
